Workbook
Name ListaDevs: #REF!

Sheet Devs
A1: ID | B1: Nickname | C1: Domain | D1: Ecosystem | E1: Language | F1: summary_of_common_team_projects
A2: 5 | B2: Dev5 | C2: Mobile | D2: Android | E2: Kotlin | F2: 5-263: P179(,osf=0.489,slf=0.711) | 5-468: P82(,osf=0.567,slf=0.737) | 5-503: P145(,osf=0.612,slf=0.871); P177(,osf=0.340,slf=0.621); P213(,osf=0.312,slf=0.608); P216(,osf=0.401,slf=0.341); P279(,osf=0.594,slf=0.422)
A3: 7 | B3: Dev7 | C3: Web | D3: React | E3: JavaScript | F3: 7-193: P82(,osf=0.567,slf=0.737); P85(,osf=0.784,slf=0.538) | 7-194: P40(,osf=0.733,slf=0.373); P82(,osf=0.567,slf=0.737); P85(,osf=0.784,slf=0.538)
A4: 8 | B4: Dev8 | C4: IoT | F4: 8-142: P104(,osf=0.636,slf=0.624); P175(,osf=0.716,slf=0.339); P205(,osf=0.588,slf=0.465); P92(,osf=0.849,slf=0.891) | 8-290: P175(,osf=0.716,slf=0.339); P205(,osf=0.588,slf=0.465); P92(,osf=0.849,slf=0.891)
A5: 27 | B5: Dev27 | C5: Web | E5: JavaScript | F5: 27-363: P103(,osf=0.739,slf=0.847); P123(,osf=0.393,slf=0.825); P144(,osf=0.541,slf=0.688); P145(,osf=0.612,slf=0.871); P148(,osf=0.411,slf=0.639); P149(,osf=0.325,slf=0.603); P150(,osf=0.475,slf=0.317); P171(,osf=0.486,slf=0.531); P177(,osf=0.340,slf=0.621); P179(,osf=0.489,slf=0.711); P239(,osf=0.422,slf=0.462); P240(,osf=0.385,slf=0.409); P258(,osf=0.666,slf=0.352); P72(,osf=0.639,slf=0.456); P80(,osf=0.559,slf=0.624); P82(,osf=0.567,slf=0.737); P85(,osf=0.784,slf=0.538); P99(,osf=0.757,slf=0.452)
A6: 29 | B6: Dev29 | C6: Web | D6: Vue | E6: JavaScript | F6: 29-524: P106(,osf=0.303,slf=0.349); P262(,osf=0.819,slf=0.404)
A7: 33 | B7: Dev33 | D7: Android, CouchDB, iOS/iPadOS | E7: JavaScript
A8: 36 | B8: Dev36 | C8: Mobile | D8: Android | E8: Kotlin | F8: 36-181: P82(,osf=0.567,slf=0.737)
A9: 38 | B9: Dev38 | C9: Web | D9: iOS/iPadOS | F9: 38-225: P82(,osf=0.567,slf=0.737)
A10: 62 | B10: Dev62 | D10: MongoDB, iOS/iPadOS | F10: 62-415: P85(,osf=0.784,slf=0.538)
A11: 71 | B11: Dev71 | C11: IoT, Web | D11: iOS/iPadOS | E11: HTML, JavaScript, Python
A12: 81 | B12: Dev81 | C12: IoT | E12: JavaScript | F12: 81-104: P69(,osf=0.478,slf=0.301)
A13: 93 | B13: Dev93 | C13: Desktop | D13: .NET | E13: C# | F13: 93-270: P82(,osf=0.567,slf=0.737) | 93-292: P82(,osf=0.567,slf=0.737) | 93-437: P158(,osf=0.670,slf=0.322); P82(,osf=0.567,slf=0.737); P85(,osf=0.784,slf=0.538)
A14: 103 | B14: Dev103 | C14: Web | D14: Angular | E14: TypeScript | F14: 103-544: P82(,osf=0.567,slf=0.737); P85(,osf=0.784,slf=0.538)
A15: 104 | B15: Dev104 | C15: Mobile | D15: Android | E15: Kotlin | F15: 104-81: P69(,osf=0.478,slf=0.301)
A16: 115 | B16: Dev115 | C16: Web | D16: Node.js | E16: JavaScript
A17: 119 | B17: Dev119 | C17: Mobile | D17: iOS/iPadOS | E17: Swift | F17: 119-193: P82(,osf=0.567,slf=0.737) | 119-399: P82(,osf=0.567,slf=0.737)
A18: 142 | B18: Dev142 | C18: Mobile | D18: Android | E18: Kotlin | F18: 142-8: P104(,osf=0.636,slf=0.624); P175(,osf=0.716,slf=0.339); P205(,osf=0.588,slf=0.465); P92(,osf=0.849,slf=0.891) | 142-290: P175(,osf=0.716,slf=0.339); P205(,osf=0.588,slf=0.465); P242(,osf=0.558,slf=0.665); P253(,osf=0.540,slf=0.837); P71(,osf=0.523,slf=0.674); P79(,osf=0.323,slf=0.442); P82(,osf=0.567,slf=0.737); P85(,osf=0.784,slf=0.538); P92(,osf=0.849,slf=0.891)
A19: 143 | B19: Dev143 | C19: Cloud | D19: AWS Lambda | E19: Python | F19: 143-370: P68(,osf=0.644,slf=0.857)
A20: 145 | B20: Dev145 | C20: IoT, Web | D20: iOS/iPadOS | E20: JSON, JavaScript | F20: 145-263: P179(,osf=0.489,slf=0.711); P201(,osf=0.535,slf=0.596)
A21: 154 | B21: Dev154 | C21: Cloud | D21: AWS Lambda | E21: Python
A22: 169 | B22: Dev169 | C22: Web | D22: React | E22: JavaScript
A23: 174 | B23: Dev174 | C23: Web | D23: Vue | E23: JavaScript
A24: 181 | B24: Dev181 | C24: Cloud | D24: AWS Lambda | E24: Python | F24: 181-36: P82(,osf=0.567,slf=0.737)
A25: 193 | B25: Dev193 | C25: Web | D25: Spring Boot | E25: Java | F25: 193-7: P82(,osf=0.567,slf=0.737); P85(,osf=0.784,slf=0.538) | 193-119: P82(,osf=0.567,slf=0.737) | 193-194: P82(,osf=0.567,slf=0.737); P85(,osf=0.784,slf=0.538) | 193-399: P82(,osf=0.567,slf=0.737); P85(,osf=0.784,slf=0.538)
A26: 194 | B26: Dev194 | C26: Mobile | D26: Android | E26: Kotlin | F26: 194-7: P40(,osf=0.733,slf=0.373); P82(,osf=0.567,slf=0.737); P85(,osf=0.784,slf=0.538) | 194-193: P82(,osf=0.567,slf=0.737); P85(,osf=0.784,slf=0.538)
A27: 198 | B27: Dev198 | C27: Web | D27: Vue | E27: JavaScript | F27: 198-415: P82(,osf=0.567,slf=0.737)
A28: 205 | B28: Dev205 | C28: Mobile | D28: Android | E28: Kotlin | F28: 205-526: P139(,osf=0.325,slf=0.436)
A29: 209 | B29: Dev209 | C29: Web | D29: Node.js | E29: JavaScript
A30: 225 | B30: Dev225 | C30: Web | D30: React | E30: JavaScript | F30: 225-38: P82(,osf=0.567,slf=0.737)
A31: 241 | B31: Dev241 | C31: Web | D31: Node.js | E31: JavaScript
A32: 250 | B32: Dev250 | C32: Cloud | D32: AWS Lambda | E32: Python
A33: 263 | B33: Dev263 | C33: Web | D33: Vue | E33: JavaScript | F33: 263-5: P179(,osf=0.489,slf=0.711) | 263-145: P179(,osf=0.489,slf=0.711); P201(,osf=0.535,slf=0.596)
A34: 265 | B34: Dev265 | C34: Web | D34: Spring Boot | E34: Java
A35: 270 | B35: Dev270 | C35: Web | D35: Angular | E35: TypeScript | F35: 270-93: P82(,osf=0.567,slf=0.737) | 270-411: P82(,osf=0.567,slf=0.737) | 270-438: P82(,osf=0.567,slf=0.737)
A36: 283 | B36: Dev283 | C36: Web | D36: Vue | E36: JavaScript
A37: 290 | B37: Dev290 | C37: Web | D37: Vue | E37: JavaScript | F37: 290-8: P175(,osf=0.716,slf=0.339); P205(,osf=0.588,slf=0.465); P92(,osf=0.849,slf=0.891) | 290-142: P175(,osf=0.716,slf=0.339); P205(,osf=0.588,slf=0.465); P242(,osf=0.558,slf=0.665); P253(,osf=0.540,slf=0.837); P71(,osf=0.523,slf=0.674); P79(,osf=0.323,slf=0.442); P82(,osf=0.567,slf=0.737); P85(,osf=0.784,slf=0.538); P92(,osf=0.849,slf=0.891)
A38: 292 | B38: Dev292 | C38: Web | D38: Node.js | E38: JavaScript | F38: 292-93: P82(,osf=0.567,slf=0.737) | 292-437: P82(,osf=0.567,slf=0.737)
A39: 293 | B39: Dev293 | C39: Web | D39: Angular | E39: TypeScript | F39: 293-438: P124(,osf=0.678,slf=0.507); P152(,osf=0.337,slf=0.880)
A40: 297 | B40: Dev297 | C40: Web | D40: Node.js | E40: JavaScript
A41: 303 | B41: Dev303 | C41: Desktop | D41: .NET | E41: C#
A42: 308 | B42: Dev308 | C42: Web | D42: React | E42: JavaScript
A43: 316 | B43: Dev316 | C43: Web | D43: Node.js | E43: JavaScript
A44: 324 | B44: Dev324 | C44: Mobile | D44: Android | E44: Kotlin
A45: 326 | B45: Dev326 | C45: Mobile | D45: iOS/iPadOS | E45: Swift | F45: 326-446: P149(,osf=0.325,slf=0.603); P177(,osf=0.340,slf=0.621)
A46: 331 | B46: Dev331 | C46: Mobile | D46: iOS/iPadOS | E46: Swift
A47: 357 | B47: Dev357 | C47: Web | D47: Node.js | E47: JavaScript
A48: 363 | B48: Dev363 | C48: Mobile | D48: iOS/iPadOS | E48: Swift | F48: 363-27: P103(,osf=0.739,slf=0.847); P123(,osf=0.393,slf=0.825); P144(,osf=0.541,slf=0.688); P145(,osf=0.612,slf=0.871); P148(,osf=0.411,slf=0.639); P149(,osf=0.325,slf=0.603); P150(,osf=0.475,slf=0.317); P171(,osf=0.486,slf=0.531); P177(,osf=0.340,slf=0.621); P179(,osf=0.489,slf=0.711); P239(,osf=0.422,slf=0.462); P240(,osf=0.385,slf=0.409); P258(,osf=0.666,slf=0.352); P72(,osf=0.639,slf=0.456); P80(,osf=0.559,slf=0.624); P82(,osf=0.567,slf=0.737); P85(,osf=0.784,slf=0.538); P99(,osf=0.757,slf=0.452) | 363-447: P123(,osf=0.393,slf=0.825); P144(,osf=0.541,slf=0.688); P145(,osf=0.612,slf=0.871); P148(,osf=0.411,slf=0.639); P149(,osf=0.325,slf=0.603); P150(,osf=0.475,slf=0.317); P171(,osf=0.486,slf=0.531); P177(,osf=0.340,slf=0.621); P179(,osf=0.489,slf=0.711); P214(,osf=0.335,slf=0.820); P239(,osf=0.422,slf=0.462); P240(,osf=0.385,slf=0.409); P258(,osf=0.666,slf=0.352); P82(,osf=0.567,slf=0.737); P85(,osf=0.784,slf=0.538) | 363-544: P123(,osf=0.393,slf=0.825); P144(,osf=0.541,slf=0.688); P145(,osf=0.612,slf=0.871); P148(,osf=0.411,slf=0.639); P149(,osf=0.325,slf=0.603); P150(,osf=0.475,slf=0.317); P171(,osf=0.486,slf=0.531); P177(,osf=0.340,slf=0.621); P179(,osf=0.489,slf=0.711); P239(,osf=0.422,slf=0.462); P240(,osf=0.385,slf=0.409); P258(,osf=0.666,slf=0.352); P82(,osf=0.567,slf=0.737); P85(,osf=0.784,slf=0.538)
A49: 365 | B49: Dev365 | C49: Web | D49: Spring Boot | E49: Java
A50: 370 | B50: Dev370 | C50: Mobile | D50: iOS/iPadOS | E50: Swift | F50: 370-143: P68(,osf=0.644,slf=0.857)
A51: 389 | B51: Dev389 | C51: Mobile | D51: Android | E51: Kotlin
A52: 399 | B52: Dev399 | C52: Desktop | D52: .NET | E52: C# | F52: 399-119: P82(,osf=0.567,slf=0.737) | 399-193: P82(,osf=0.567,slf=0.737); P85(,osf=0.784,slf=0.538)
A53: 411 | B53: Dev411 | C53: Web | D53: Spring Boot | E53: Java | F53: 411-270: P82(,osf=0.567,slf=0.737) | 411-479: P179(,osf=0.489,slf=0.711) | 411-503: P145(,osf=0.612,slf=0.871); P177(,osf=0.340,slf=0.621); P284(,osf=0.383,slf=0.553)
A54: 415 | B54: Dev415 | C54: Web | D54: Vue | E54: JavaScript | F54: 415-62: P85(,osf=0.784,slf=0.538) | 415-198: P82(,osf=0.567,slf=0.737)
A55: 437 | B55: Dev437 | C55: Mobile | D55: iOS/iPadOS | E55: Swift | F55: 437-93: P158(,osf=0.670,slf=0.322); P82(,osf=0.567,slf=0.737); P85(,osf=0.784,slf=0.538) | 437-292: P82(,osf=0.567,slf=0.737)
A56: 438 | B56: Dev438 | C56: Cloud | D56: AWS Lambda | E56: Python | F56: 438-270: P82(,osf=0.567,slf=0.737) | 438-293: P124(,osf=0.678,slf=0.507); P152(,osf=0.337,slf=0.880) | 438-558: P85(,osf=0.784,slf=0.538)
A57: 439 | B57: Dev439 | C57: Web | D57: React | E57: JavaScript
A58: 446 | B58: Dev446 | C58: Mobile | D58: Android | E58: Kotlin | F58: 446-326: P149(,osf=0.325,slf=0.603); P177(,osf=0.340,slf=0.621)
A59: 447 | B59: Dev447 | C59: Mobile | D59: iOS/iPadOS | E59: Swift | F59: 447-363: P123(,osf=0.393,slf=0.825); P144(,osf=0.541,slf=0.688); P145(,osf=0.612,slf=0.871); P148(,osf=0.411,slf=0.639); P149(,osf=0.325,slf=0.603); P150(,osf=0.475,slf=0.317); P171(,osf=0.486,slf=0.531); P177(,osf=0.340,slf=0.621); P179(,osf=0.489,slf=0.711); P214(,osf=0.335,slf=0.820); P239(,osf=0.422,slf=0.462); P240(,osf=0.385,slf=0.409); P258(,osf=0.666,slf=0.352); P82(,osf=0.567,slf=0.737); P85(,osf=0.784,slf=0.538)
A60: 461 | B60: Dev461 | C60: Web | D60: React | E60: JavaScript | F60: 461-558: P183(,osf=0.476,slf=0.842); P184(,osf=0.615,slf=0.450); P188(,osf=0.655,slf=0.631); P219(,osf=0.351,slf=0.534); P269(,osf=0.400,slf=0.408); P274(,osf=0.411,slf=0.591)
A61: 466 | B61: Dev466 | C61: Desktop | D61: .NET | E61: C#
A62: 468 | B62: Dev468 | C62: Cloud | D62: AWS Lambda | E62: Python | F62: 468-5: P82(,osf=0.567,slf=0.737) | 468-508: P196(,osf=0.888,slf=0.339) | 468-516: P82(,osf=0.567,slf=0.737); P85(,osf=0.784,slf=0.538)
A63: 479 | B63: Dev479 | C63: Web | D63: Angular | E63: TypeScript | F63: 479-411: P179(,osf=0.489,slf=0.711)
A64: 494 | B64: Dev494 | C64: Cloud | D64: AWS Lambda | E64: Python
A65: 503 | B65: Dev503 | C65: Web | D65: React | E65: JavaScript | F65: 503-5: P145(,osf=0.612,slf=0.871); P177(,osf=0.340,slf=0.621); P213(,osf=0.312,slf=0.608); P216(,osf=0.401,slf=0.341); P279(,osf=0.594,slf=0.422) | 503-411: P145(,osf=0.612,slf=0.871); P177(,osf=0.340,slf=0.621); P284(,osf=0.383,slf=0.553)
A66: 508 | B66: Dev508 | C66: Web | D66: React | E66: JavaScript | F66: 508-468: P196(,osf=0.888,slf=0.339)
A67: 509 | B67: Dev509 | C67: Web | D67: Angular | E67: TypeScript
A68: 516 | B68: Dev516 | C68: Cloud | D68: AWS Lambda | E68: Python | F68: 516-468: P82(,osf=0.567,slf=0.737); P85(,osf=0.784,slf=0.538)
A69: 518 | B69: Dev518 | C69: Web | D69: Vue | E69: JavaScript
A70: 524 | B70: Dev524 | C70: Desktop | D70: .NET | E70: C# | F70: 524-29: P106(,osf=0.303,slf=0.349); P262(,osf=0.819,slf=0.404)
A71: 526 | B71: Dev526 | C71: Web | D71: React | E71: JavaScript | F71: 526-205: P139(,osf=0.325,slf=0.436)
A72: 544 | B72: Dev544 | C72: Mobile | D72: iOS/iPadOS | E72: Swift | F72: 544-103: P82(,osf=0.567,slf=0.737); P85(,osf=0.784,slf=0.538) | 544-363: P123(,osf=0.393,slf=0.825); P144(,osf=0.541,slf=0.688); P145(,osf=0.612,slf=0.871); P148(,osf=0.411,slf=0.639); P149(,osf=0.325,slf=0.603); P150(,osf=0.475,slf=0.317); P171(,osf=0.486,slf=0.531); P177(,osf=0.340,slf=0.621); P179(,osf=0.489,slf=0.711); P239(,osf=0.422,slf=0.462); P240(,osf=0.385,slf=0.409); P258(,osf=0.666,slf=0.352); P82(,osf=0.567,slf=0.737); P85(,osf=0.784,slf=0.538)
A73: 548 | B73: Dev548 | C73: Mobile | D73: iOS/iPadOS | E73: Swift
A74: 558 | B74: Dev558 | C74: Mobile | D74: Android | E74: Kotlin | F74: 558-438: P85(,osf=0.784,slf=0.538) | 558-461: P183(,osf=0.476,slf=0.842); P184(,osf=0.615,slf=0.450); P188(,osf=0.655,slf=0.631); P219(,osf=0.351,slf=0.534); P269(,osf=0.400,slf=0.408); P274(,osf=0.411,slf=0.591)
A75: 559 | B75: Dev559 | C75: Mobile | D75: Android | E75: Kotlin
A76: 562 | B76: Dev562 | C76: Cloud | D76: AWS Lambda | E76: Python
A77: 423 | B77: Dev423 | C77: Web | D77: React | E77: JavaScript | F77: 423-558: P85(,osf=0.784,slf=0.538)
A78: 391 | B78: Dev391 | C78: Cloud | D78: AWS Lambda | E78: Python
A79: 152 | B79: Dev152 | C79: Web | D79: React | E79: JavaScript
A80: 465 | B80: Dev465 | C80: Web | D80: Spring Boot | E80: Java
A81: 362 | B81: Dev362 | C81: Web | D81: React | E81: JavaScript
A82: 242 | B82: Dev242 | C82: Web | D82: Node.js | E82: JavaScript
A83: 450 | B83: Dev450 | C83: Desktop | D83: .NET | E83: C#
A84: 161 | B84: Dev161 | C84: N/A | D84: N/A | E84: JavaScript | G84: Web | H84: React | I84: JavaScript | J84: 423-558: P85(,osf=0.784,slf=0.538)
A85: 354 | B85: Dev354 | C85: Web | D85: Node.js | E85: JavaScript
A86: 495 | B86: Dev495 | C86: Web | D86: Spring Boot | E86: Java
A87: 458 | B87: Dev458 | C87: Mobile | D87: iOS/iPadOS | E87: Swift
A88: 16 | B88: Dev16 | C88: N/A | D88: iOS/iPadOS | E88: N/A
A89: 463 | B89: Dev463 | C89: Web | D89: Vue | E89: JavaScript
A90: 65 | B90: Dev65 | C90: IoT;Web | D90: iOS/iPadOS | E90: C++;Java | F90: 65-261: P11(,osf=0.460,slf=0.781); P76(,osf=0.821,slf=0.637); P118(,osf=0.593,slf=0.504)
A91: 63 | B91: Dev63 | C91: IoT | D91: N/A | E91: Lua;Java
A92: 261 | B92: Dev261 | C92: Cloud | D92: AWS Lambda | E92: Python | F92: 261-65: P76(,osf=0.821,slf=0.637); P11(,osf=0.460,slf=0.781); P118(,osf=0.593,slf=0.504)
A93: 335 | B93: Dev335 | C93: Desktop | D93: .NET | E93: C# | F93: 335-508: P196(,osf=0.888,slf=0.339) | 335-193: P85(,osf=0.784,slf=0.538); P82(,osf=0.567,slf=0.737) | 335-36: P82(,osf=0.567,slf=0.737)
A94: 168 | B94: Dev168 | C94: Mobile | D94: Android | E94: Kotlin
A95: 568 | B95: Dev568 | C95: Web | D95: React | E95: JavaScript | F95: 568-463: P184(,osf=0.615,slf=0.450); P272(,osf=0.487,slf=0.637); P274(,osf=0.411,slf=0.591)
A96: 498 | B96: Dev498 | C96: Mobile | D96: Android | E96: Kotlin | F96: 498-463: P85(,osf=0.784,slf=0.538); P82(,osf=0.567,slf=0.737) | 498-7: P85(,osf=0.784,slf=0.538); P82(,osf=0.567,slf=0.737)
A97: 67 | B97: Dev67 | C97: Web | D97: Spring Boot | E97: Java
A98: 94 | B98: Dev94 | C98: Web | D98: Vue | E98: JavaScript | F98: 94-291: P82(,osf=0.567,slf=0.737)
A99: 291 | B99: Dev291 | C99: Desktop | D99: .NET | E99: C# | F99: 291-94: P82(,osf=0.567,slf=0.737)

Sheet Projects
A1: Project ID | B1: Name | C1: Description | D1: Domain_must | E1: Domain_should | F1: Domain_could | G1: Ecosystem_must | H1: Ecosystem_should | I1: Ecosystem_could | J1: Language_must | K1: Language_should | L1: Language_could
A2: P_ | B2: <nome_do_projeto>
A3: P1 | B3: .NET Corporate Portal Maintainance | C3: Internal corporate portal in .NET, with both desktop and web components, critical for administrative routines. Objective: fix bugs, improve performance, and gradually modernize the front-end without disrupting operations. | D3: Desktop, Web | E3: Cloud | F3: Mobile | G3: .NET | H3: React | I3: MongoDB | J3: C# | K3: JavaScript, TypeScript | L3: Python
A4: P2 | B4: Hybrid Mobile App with Web Panel | C4: Mobile application for Android and iOS consuming an existing backend, with a simple web panel for support. Focus on UX, good cross-platform communication, and stable backend integration. | D4: Mobile | E4: Web | F4: Cloud | G4: Android, iOS/iPadOS | H4: React | I4: .NET | J4: Kotlin, Swift | K4: JavaScript, TypeScript | L4: Java, C#
A5: P3 | B5: Cloud IoT Sensor Platform | C5: Platform to collect IoT sensor data, process it in the cloud, and display it on a web dashboard. Focus on robust data ingestion, cloud processing, and minimal but functional visualization. | D5: IoT, Cloud | E5: Web | F5: Desktop | G5: AWS Lambda | H5: React, Angular, MongoDB | I5: Android | J5: Python, C++ | K5: JavaScript | L5: Java, TypeScript
A6: P4 | B6: Web Analytic Reports SaaS | C6: Web-based SaaS application for generating dashboards and analytical reports using MongoDB data. Emphasis on efficient queries, solid data modeling, and a clear visualization interface. | D6: Web | E6: Cloud | F6: Desktop | G6: MongoDB | H6: Angular, React | I6: AWS Lambda | J6: JavaScript | K6: TypeScript, Python | L6: Java, C#
A7: P5 | B7: Critical Web + Cloud Platform | C7: Mission-critical Web + Cloud system with a React front-end, serverless backend on AWS Lambda, and MongoDB database. Requires high reliability, testing, monitoring, and scalability. | D7: Web, Cloud | E7: Mobile | F7: Desktop | G7: React, AWS Lambda, MongoDB | H7: .NET | I7: Android | J7: JavaScript, TypeScript, Python | K7: C#, Java | L7: Kotlin, Swift
A8: P6 | B8: Critical Embedded Hardware Platform | C8: Development of an electronic board (PCB) and embedded firmware for a mission-critical device. Includes board design, prototyping, bring-up, drivers, sensor reading/actuator control, bench testing, and validation. | D8: Hardware, Embedded | E8: IoT | F8: Cloud | G8: PCB, Desenvolvimento de Placa | H8: Eletrônica (circuitos lógicos e analógicos) | I8: Instrumentação (osciloscópio, analisador lógico), Prototipação | J8: C | K8: C++ (se tiver firmware mais complexo) | L8: Python (scripts de teste/automação de bancada)

Sheet Ranking_Expert
A1: Project ID | B1: Requirements | C1: Team ID | D1: Dev1 | E1: Dev2 | F1: Dev3 | G1: Dev4 | H1: Rank expert | I1: team_match_summary | J1: DOM_M | K1: DOM_S | L1: DOM_C | M1: ECO_M | N1: ECO_S | O1: ECO_C | P1: LING_M | Q1: LING_S | R1: LING_C | S1: MUST_OK | T1: TOTAL_ABSENCES_MUST | U1: note_dev1 | V1: note_dev2 | W1: note_dev3 | X1: note_dev4
A2: P1 | B2: =IFERROR(VLOOKUP(A2,Projects!$A$2:$C$7,2,FALSE),"") -> .NET Corporate Portal Maintainance | C2: P1-TEAM1 | D2: Dev169 | E2: Dev27 | F2: Dev81 | G2: Dev363 | H2: 3 | I2: DOM M(1/2)[web] S(0/1)[] C(1/1)[mobile] | ECO M(0/1)[] S(1/1)[react] C(0/1)[] | LING M(0/1)[] S(1/2)[javascript] C(0/1)[] | J2: =IFERROR(__xludf.DUMMYFUNCTION("IFERROR(REGEXEXTRACT($I2,""DOM\s*M\((\d+/\d+)\)""),"""") "),"1/2") -> 1/2 | K2: =IFERROR(__xludf.DUMMYFUNCTION("IFERROR(REGEXEXTRACT($I2,""DOM.*?S\((\d+/\d+)\)""),"""") "),"0/1") -> 0/1 | L2: =IFERROR(__xludf.DUMMYFUNCTION("IFERROR(REGEXEXTRACT($I2,""DOM.*?C\((\d+/\d+)\)""),"""") "),"1/1") -> 1/1 | M2: =IFERROR(__xludf.DUMMYFUNCTION("IFERROR(REGEXEXTRACT($I2,""ECO\s*M\((\d+/\d+)\)""),"""") "),"0/1") -> 0/1 | N2: =IFERROR(__xludf.DUMMYFUNCTION("IFERROR(REGEXEXTRACT($I2,""ECO.*?S\((\d+/\d+)\)""),"""") "),"1/1") -> 1/1 | O2: =IFERROR(__xludf.DUMMYFUNCTION("IFERROR(REGEXEXTRACT($I2,""ECO.*?C\((\d+/\d+)\)""),"""") "),"0/1") -> 0/1 | P2: =IFERROR(__xludf.DUMMYFUNCTION("IFERROR(REGEXEXTRACT($I2,""LING\s*M\((\d+/\d+)\)""),"""") "),"0/1") -> 0/1 | Q2: =IFERROR(__xludf.DUMMYFUNCTION("IFERROR(REGEXEXTRACT($I2,""LING.*?S\((\d+/\d+)\)""),"""") "),"1/2") -> 1/2 | R2: =IFERROR(__xludf.DUMMYFUNCTION("IFERROR(REGEXEXTRACT($I2,""LING[^|]*C\(([0-9]+/[0-9]+)\)""),"""") "),"0/1") -> 0/1 | S2: =IFERROR(__xludf.DUMMYFUNCTION("AND( VALUE(INDEX(SPLIT(J2,""/""),1))=VALUE(INDEX(SPLIT(J2,""/""),2)), VALUE(INDEX(SPLIT(M2,""/""),1))=VALUE(INDEX(SPLIT(M2,""/""),2)), VALUE(INDEX(SPLIT(P2,""/""),1))=VALUE(INDEX(SPLIT(P2,""/""),2)) ) "),FALSE) -> FALSE | T2: =IFERROR(__xludf.DUMMYFUNCTION(" (VALUE(INDEX(SPLIT(J2,""/""),2))-VALUE(INDEX(SPLIT(J2,""/""),1))) + (VALUE(INDEX(SPLIT(M2,""/""),2))-VALUE(INDEX(SPLIT(M2,""/""),1))) + (VALUE(INDEX(SPLIT(P2,""/""),2))-VALUE(INDEX(SPLIT(P2,""/""),1))) "),3.0) -> 3 | U2: Domain: Web Ecosystem: React Language: JavaScript Match: DOM: M (1/2)[web] S (0/1)[] C (0/1)[] ECO: M (0/1)[] S (1/1)[react] C (0/1)[] LING: M (0/1)[] S (1/2)[javascript] C (0/1)[] Collaboration:: 169-27: UNCOMMON 169-81: UNCOMMON 169-363: UNCOMMON | V2: Domain: Web Ecosystem: nan Language: JavaScript Match: DOM: M (1/2)[web] S (0/1)[] C (0/1)[] ECO: M (0/1)[] S (0/1)[] C (0/1)[] LING: M (0/1)[] S (1/2)[javascript] C (0/1)[] Collaboration:: 27-81: UNCOMMON 27-169: UNCOMMON 27-363: P103(,osf=0.739,slf=0.847); P123(,osf=0.393,slf=0.825); P144(,osf=0.541,slf=0.688); P145(,osf=0.612,slf=0.871); P148(,osf=0.411,slf=0.639); P149(,osf=0.325,slf=0.603); P150(,osf=0.475,slf=0.317); P171(,osf=0.486,slf=0.531); P177(,osf=0.340,slf=0.621); P179(,osf=0.489,slf=0.711); P239(,osf=0.422,slf=0.462); P240(,osf=0.385,slf=0.409); P258(,osf=0.666,slf=0.352); P72(,osf=0.639,slf=0.456); P80(,osf=0.559,slf=0.624); P82(,osf=0.567,slf=0.737); P85(,osf=0.784,slf=0.538); P99(,osf=0.757,slf=0.452) | W2: Domain: IoT Ecosystem: nan Language: JavaScript Match: DOM: M (0/2)[] S (0/1)[] C (0/1)[] ECO: M (0/1)[] S (0/1)[] C (0/1)[] LING: M (0/1)[] S (1/2)[javascript] C (0/1)[] Collaboration:: 81-27: UNCOMMON 81-169: UNCOMMON 81-363: UNCOMMON | X2: Domain: Mobile Ecosystem: iOS/iPadOS Language: Swift Match: DOM: M (0/2)[] S (0/1)[] C (1/1)[mobile] ECO: M (0/1)[] S (0/1)[] C (0/1)[] LING: M (0/1)[] S (0/2)[] C (0/1)[] Collaboration:: 363-27: P103(,osf=0.739,slf=0.847); P123(,osf=0.393,slf=0.825); P144(,osf=0.541,slf=0.688); P145(,osf=0.612,slf=0.871); P148(,osf=0.411,slf=0.639); P149(,osf=0.325,slf=0.603); P150(,osf=0.475,slf=0.317); P171(,osf=0.486,slf=0.531); P177(,osf=0.340,slf=0.621); P179(,osf=0.489,slf=0.711); P239(,osf=0.422,slf=0.462); P240(,osf=0.385,slf=0.409); P258(,osf=0.666,slf=0.352); P72(,osf=0.639,slf=0.456); P80(,osf=0.559,slf=0.624); P82(,osf=0.567,slf=0.737); P85(,osf=0.784,slf=0.538); P99(,osf=0.757,slf=0.452) | 363-447: P123(,osf=0.393,slf=0.825); P144(,osf=0.541,slf=0.688); P145(,osf=0.612,slf=0.871); P148(,osf=0.411,slf=0.639); P149(,osf=0.325,slf=0.603); P150(,osf=0.475,slf=0.317); P171(,osf=0.486,slf=0.531); P177(,osf=0.340,slf=0.621); P179(,osf=0.489,slf=0.711); P214(,osf=0.335,slf=0.820); P239(,osf=0.422,slf=0.462); P240(,osf=0.385,slf=0.409); P258(,osf=0.666,slf=0.352); P82(,osf=0.567,slf=0.737); P85(,osf=0.784,slf=0.538) | 363-544: P123(,osf=0.393,slf=0.825); P144(,osf=0.541,slf=0.688); P145(,osf=0.612,slf=0.871); P148(,osf=0.411,slf=0.639); P149(,osf=0.325,slf=0.603); P150(,osf=0.475,slf=0.317); P171(,osf=0.486,slf=0.531); P177(,osf=0.340,slf=0.621); P179(,osf=0.489,slf=0.711); P239(,osf=0.422,slf=0.462); P240(,osf=0.385,slf=0.409); P258(,osf=0.666,slf=0.352); P82(,osf=0.567,slf=0.737); P85(,osf=0.784,slf=0.538) 363-81: UNCOMMON 363-169: UNCOMMON
B3: =IFERROR( "DOM M["&VLOOKUP($A2,Projects!$A:$L,4,FALSE)&"] S["&VLOOKUP($A2,Projects!$A:$L,5,FALSE)&"] C["&VLOOKUP($A2,Projects!$A:$L,6,FALSE)&"]"&CHAR(10)& "ECO M["&VLOOKUP($A2,Projects!$A:$L,7,FALSE)&"] S["&VLOOKUP($A2,Projects!$A:$L,8,FALSE)&"] C["&VLOOKUP($A2,Projects!$A:$L,9,FALSE)&"]"&CHAR(10)& "LING M["&VLOOKUP($A2,Projects!$A:$L,10,FALSE)&"] S["&VLOOKUP($A2,Projects!$A:$L,11,FALSE)&"] C["&VLOOKUP($A2,Projects!$A:$L,12,FALSE)&"]" ,"") -> DOM M[Desktop, Web] S[Cloud] C[Mobile] ECO M[.NET] S[React] C[MongoDB] LING M[C#] S[JavaScript, TypeScript] C[Python] | C3: P1-TEAM2 | D3: Dev71 | E3: Dev518 | F3: Dev509 | G3: Dev439 | H3: 4 | I3: DOM M(1/2)[web] S(0/1)[] C(0/1)[] | ECO M(0/1)[] S(1/1)[react] C(0/1)[] | LING M(0/1)[] S(2/2)[javascript, typescript] C(1/1)[python] | J3: =IFERROR(__xludf.DUMMYFUNCTION("IFERROR(REGEXEXTRACT($I3,""DOM\s*M\((\d+/\d+)\)""),"""") "),"1/2") -> 1/2 | K3: =IFERROR(__xludf.DUMMYFUNCTION("IFERROR(REGEXEXTRACT($I3,""DOM.*?S\((\d+/\d+)\)""),"""") "),"0/1") -> 0/1 | L3: =IFERROR(__xludf.DUMMYFUNCTION("IFERROR(REGEXEXTRACT($I3,""DOM.*?C\((\d+/\d+)\)""),"""") "),"0/1") -> 0/1 | M3: =IFERROR(__xludf.DUMMYFUNCTION("IFERROR(REGEXEXTRACT($I3,""ECO\s*M\((\d+/\d+)\)""),"""") "),"0/1") -> 0/1 | N3: =IFERROR(__xludf.DUMMYFUNCTION("IFERROR(REGEXEXTRACT($I3,""ECO.*?S\((\d+/\d+)\)""),"""") "),"1/1") -> 1/1 | O3: =IFERROR(__xludf.DUMMYFUNCTION("IFERROR(REGEXEXTRACT($I3,""ECO.*?C\((\d+/\d+)\)""),"""") "),"0/1") -> 0/1 | P3: =IFERROR(__xludf.DUMMYFUNCTION("IFERROR(REGEXEXTRACT($I3,""LING\s*M\((\d+/\d+)\)""),"""") "),"0/1") -> 0/1 | Q3: =IFERROR(__xludf.DUMMYFUNCTION("IFERROR(REGEXEXTRACT($I3,""LING.*?S\((\d+/\d+)\)""),"""") "),"2/2") -> 2/2 | R3: =IFERROR(__xludf.DUMMYFUNCTION("IFERROR(REGEXEXTRACT($I3,""LING[^|]*C\(([0-9]+/[0-9]+)\)""),"""") "),"1/1") -> 1/1 | S3: =IFERROR(__xludf.DUMMYFUNCTION("AND( VALUE(INDEX(SPLIT(J3,""/""),1))=VALUE(INDEX(SPLIT(J3,""/""),2)), VALUE(INDEX(SPLIT(M3,""/""),1))=VALUE(INDEX(SPLIT(M3,""/""),2)), VALUE(INDEX(SPLIT(P3,""/""),1))=VALUE(INDEX(SPLIT(P3,""/""),2)) ) "),FALSE) -> FALSE | T3: =IFERROR(__xludf.DUMMYFUNCTION(" (VALUE(INDEX(SPLIT(J3,""/""),2))-VALUE(INDEX(SPLIT(J3,""/""),1))) + (VALUE(INDEX(SPLIT(M3,""/""),2))-VALUE(INDEX(SPLIT(M3,""/""),1))) + (VALUE(INDEX(SPLIT(P3,""/""),2))-VALUE(INDEX(SPLIT(P3,""/""),1))) "),3.0) -> 3
C4: P1-TEAM3 | D4: Dev205 | E4: Dev526 | F4: Dev363 | G4: Dev447 | H4: 4 | I4: DOM M(1/2)[web] S(0/1)[] C(1/1)[mobile] | ECO M(0/1)[] S(1/1)[react] C(0/1)[] | LING M(0/1)[] S(1/2)[javascript] C(0/1)[] | J4: =IFERROR(__xludf.DUMMYFUNCTION("IFERROR(REGEXEXTRACT($I4,""DOM\s*M\((\d+/\d+)\)""),"""") "),"1/2") -> 1/2 | K4: =IFERROR(__xludf.DUMMYFUNCTION("IFERROR(REGEXEXTRACT($I4,""DOM.*?S\((\d+/\d+)\)""),"""") "),"0/1") -> 0/1 | L4: =IFERROR(__xludf.DUMMYFUNCTION("IFERROR(REGEXEXTRACT($I4,""DOM.*?C\((\d+/\d+)\)""),"""") "),"1/1") -> 1/1 | M4: =IFERROR(__xludf.DUMMYFUNCTION("IFERROR(REGEXEXTRACT($I4,""ECO\s*M\((\d+/\d+)\)""),"""") "),"0/1") -> 0/1 | N4: =IFERROR(__xludf.DUMMYFUNCTION("IFERROR(REGEXEXTRACT($I4,""ECO.*?S\((\d+/\d+)\)""),"""") "),"1/1") -> 1/1 | O4: =IFERROR(__xludf.DUMMYFUNCTION("IFERROR(REGEXEXTRACT($I4,""ECO.*?C\((\d+/\d+)\)""),"""") "),"0/1") -> 0/1 | P4: =IFERROR(__xludf.DUMMYFUNCTION("IFERROR(REGEXEXTRACT($I4,""LING\s*M\((\d+/\d+)\)""),"""") "),"0/1") -> 0/1 | Q4: =IFERROR(__xludf.DUMMYFUNCTION("IFERROR(REGEXEXTRACT($I4,""LING.*?S\((\d+/\d+)\)""),"""") "),"1/2") -> 1/2 | R4: =IFERROR(__xludf.DUMMYFUNCTION("IFERROR(REGEXEXTRACT($I4,""LING[^|]*C\(([0-9]+/[0-9]+)\)""),"""") "),"0/1") -> 0/1 | S4: =IFERROR(__xludf.DUMMYFUNCTION("AND( VALUE(INDEX(SPLIT(J4,""/""),1))=VALUE(INDEX(SPLIT(J4,""/""),2)), VALUE(INDEX(SPLIT(M4,""/""),1))=VALUE(INDEX(SPLIT(M4,""/""),2)), VALUE(INDEX(SPLIT(P4,""/""),1))=VALUE(INDEX(SPLIT(P4,""/""),2)) ) "),FALSE) -> FALSE | T4: =IFERROR(__xludf.DUMMYFUNCTION(" (VALUE(INDEX(SPLIT(J4,""/""),2))-VALUE(INDEX(SPLIT(J4,""/""),1))) + (VALUE(INDEX(SPLIT(M4,""/""),2))-VALUE(INDEX(SPLIT(M4,""/""),1))) + (VALUE(INDEX(SPLIT(P4,""/""),2))-VALUE(INDEX(SPLIT(P4,""/""),1))) "),3.0) -> 3 | U4: Domain: Mobile Ecosystem: Android Language: Kotlin Match: DOM: M (0/2)[] S (0/1)[] C (1/1)[mobile] ECO: M (0/1)[] S (0/1)[] C (0/1)[] LING: M (0/1)[] S (0/2)[] C (0/1)[] Collaboration:: 205-363: UNCOMMON 205-447: UNCOMMON 205-526: P139(,osf=0.325,slf=0.436) | V4: Domain: Web Ecosystem: React Language: JavaScript Match: DOM: M (1/2)[web] S (0/1)[] C (0/1)[] ECO: M (0/1)[] S (1/1)[react] C (0/1)[] LING: M (0/1)[] S (1/2)[javascript] C (0/1)[] Collaboration:: 526-205: P139(,osf=0.325,slf=0.436) 526-363: UNCOMMON 526-447: UNCOMMON | W4: Domain: Mobile Ecosystem: iOS/iPadOS Language: Swift Match: DOM: M (0/2)[] S (0/1)[] C (1/1)[mobile] ECO: M (0/1)[] S (0/1)[] C (0/1)[] LING: M (0/1)[] S (0/2)[] C (0/1)[] Collaboration:: 363-205: UNCOMMON 363-447: UNCOMMON 363-526: UNCOMMON | X4: Domain: Mobile Ecosystem: iOS/iPadOS Language: Swift Match: DOM: M (0/2)[] S (0/1)[] C (1/1)[mobile] ECO: M (0/1)[] S (0/1)[] C (0/1)[] LING: M (0/1)[] S (0/2)[] C (0/1)[] Collaboration:: 447-205: UNCOMMON 447-363: P123(,osf=0.393,slf=0.825); P144(,osf=0.541,slf=0.688); P145(,osf=0.612,slf=0.871); P148(,osf=0.411,slf=0.639); P149(,osf=0.325,slf=0.603); P150(,osf=0.475,slf=0.317); P171(,osf=0.486,slf=0.531); P177(,osf=0.340,slf=0.621); P179(,osf=0.489,slf=0.711); P214(,osf=0.335,slf=0.820); P239(,osf=0.422,slf=0.462); P240(,osf=0.385,slf=0.409); P258(,osf=0.666,slf=0.352); P82(,osf=0.567,slf=0.737); P85(,osf=0.784,slf=0.538) 447-526: UNCOMMON
C5: P1-TEAM4 | D5: Dev33 | E5: Dev303 | F5: Dev270 | G5: Dev93 | H5: 2 | I5: DOM M(2/2)[desktop, web] S(0/1)[] C(0/1)[] | ECO M(1/1)[.net] S(0/1)[] C(0/1)[] | LING M(1/1)[c#] S(2/2)[javascript, typescript] C(0/1)[] | J5: =IFERROR(__xludf.DUMMYFUNCTION("IFERROR(REGEXEXTRACT($I5,""DOM\s*M\((\d+/\d+)\)""),"""") "),"2/2") -> 2/2 | K5: =IFERROR(__xludf.DUMMYFUNCTION("IFERROR(REGEXEXTRACT($I5,""DOM.*?S\((\d+/\d+)\)""),"""") "),"0/1") -> 0/1 | L5: =IFERROR(__xludf.DUMMYFUNCTION("IFERROR(REGEXEXTRACT($I5,""DOM.*?C\((\d+/\d+)\)""),"""") "),"0/1") -> 0/1 | M5: =IFERROR(__xludf.DUMMYFUNCTION("IFERROR(REGEXEXTRACT($I5,""ECO\s*M\((\d+/\d+)\)""),"""") "),"1/1") -> 1/1 | N5: =IFERROR(__xludf.DUMMYFUNCTION("IFERROR(REGEXEXTRACT($I5,""ECO.*?S\((\d+/\d+)\)""),"""") "),"0/1") -> 0/1 | O5: =IFERROR(__xludf.DUMMYFUNCTION("IFERROR(REGEXEXTRACT($I5,""ECO.*?C\((\d+/\d+)\)""),"""") "),"0/1") -> 0/1 | P5: =IFERROR(__xludf.DUMMYFUNCTION("IFERROR(REGEXEXTRACT($I5,""LING\s*M\((\d+/\d+)\)""),"""") "),"1/1") -> 1/1 | Q5: =IFERROR(__xludf.DUMMYFUNCTION("IFERROR(REGEXEXTRACT($I5,""LING.*?S\((\d+/\d+)\)""),"""") "),"2/2") -> 2/2 | R5: =IFERROR(__xludf.DUMMYFUNCTION("IFERROR(REGEXEXTRACT($I5,""LING[^|]*C\(([0-9]+/[0-9]+)\)""),"""") "),"0/1") -> 0/1 | S5: =IFERROR(__xludf.DUMMYFUNCTION("AND( VALUE(INDEX(SPLIT(J5,""/""),1))=VALUE(INDEX(SPLIT(J5,""/""),2)), VALUE(INDEX(SPLIT(M5,""/""),1))=VALUE(INDEX(SPLIT(M5,""/""),2)), VALUE(INDEX(SPLIT(P5,""/""),1))=VALUE(INDEX(SPLIT(P5,""/""),2)) ) "),TRUE) -> TRUE | T5: =IFERROR(__xludf.DUMMYFUNCTION(" (VALUE(INDEX(SPLIT(J5,""/""),2))-VALUE(INDEX(SPLIT(J5,""/""),1))) + (VALUE(INDEX(SPLIT(M5,""/""),2))-VALUE(INDEX(SPLIT(M5,""/""),1))) + (VALUE(INDEX(SPLIT(P5,""/""),2))-VALUE(INDEX(SPLIT(P5,""/""),1))) "),0.0) -> 0 | U5: Domain: nan Ecosystem: Android, CouchDB, iOS/iPadOS Language: JavaScript Match: DOM: M (0/2)[] S (0/1)[] C (0/1)[] ECO: M (0/1)[] S (0/1)[] C (0/1)[] LING: M (0/1)[] S (1/2)[javascript] C (0/1)[] Collaboration:: 33-93: UNCOMMON 33-270: UNCOMMON 33-303: UNCOMMON | V5: Domain: Desktop Ecosystem: .NET Language: C# Match: DOM: M (1/2)[desktop] S (0/1)[] C (0/1)[] ECO: M (1/1)[.net] S (0/1)[] C (0/1)[] LING: M (1/1)[c#] S (0/2)[] C (0/1)[] Collaboration:: 303-33: UNCOMMON 303-93: UNCOMMON 303-270: UNCOMMON | W5: Domain: Web Ecosystem: Angular Language: TypeScript Match: DOM: M (1/2)[web] S (0/1)[] C (0/1)[] ECO: M (0/1)[] S (0/1)[] C (0/1)[] LING: M (0/1)[] S (1/2)[typescript] C (0/1)[] Collaboration:: 270-33: UNCOMMON 270-93: P82(,osf=0.567,slf=0.737) | 270-411: P82(,osf=0.567,slf=0.737) | 270-438: P82(,osf=0.567,slf=0.737) 270-303: UNCOMMON | X5: Domain: Desktop Ecosystem: .NET Language: C# Match: DOM: M (1/2)[desktop] S (0/1)[] C (0/1)[] ECO: M (1/1)[.net] S (0/1)[] C (0/1)[] LING: M (1/1)[c#] S (0/2)[] C (0/1)[] Collaboration:: 93-33: UNCOMMON 93-270: P82(,osf=0.567,slf=0.737) | 93-292: P82(,osf=0.567,slf=0.737) | 93-437: P158(,osf=0.670,slf=0.322); P82(,osf=0.567,slf=0.737); P85(,osf=0.784,slf=0.538) 93-303: UNCOMMON
C6: P1-TEAM5 | D6: Dev316 | E6: Dev389 | F6: Dev526 | G6: Dev308 | H6: 2 | I6: DOM M(1/2)[web] S(0/1)[] C(1/1)[mobile] | ECO M(0/1)[] S(1/1)[react] C(0/1)[] | LING M(0/1)[] S(1/2)[javascript] C(0/1)[] | J6: =IFERROR(__xludf.DUMMYFUNCTION("IFERROR(REGEXEXTRACT($I6,""DOM\s*M\((\d+/\d+)\)""),"""") "),"1/2") -> 1/2 | K6: =IFERROR(__xludf.DUMMYFUNCTION("IFERROR(REGEXEXTRACT($I6,""DOM.*?S\((\d+/\d+)\)""),"""") "),"0/1") -> 0/1 | L6: =IFERROR(__xludf.DUMMYFUNCTION("IFERROR(REGEXEXTRACT($I6,""DOM.*?C\((\d+/\d+)\)""),"""") "),"1/1") -> 1/1 | M6: =IFERROR(__xludf.DUMMYFUNCTION("IFERROR(REGEXEXTRACT($I6,""ECO\s*M\((\d+/\d+)\)""),"""") "),"0/1") -> 0/1 | N6: =IFERROR(__xludf.DUMMYFUNCTION("IFERROR(REGEXEXTRACT($I6,""ECO.*?S\((\d+/\d+)\)""),"""") "),"1/1") -> 1/1 | O6: =IFERROR(__xludf.DUMMYFUNCTION("IFERROR(REGEXEXTRACT($I6,""ECO.*?C\((\d+/\d+)\)""),"""") "),"0/1") -> 0/1 | P6: =IFERROR(__xludf.DUMMYFUNCTION("IFERROR(REGEXEXTRACT($I6,""LING\s*M\((\d+/\d+)\)""),"""") "),"0/1") -> 0/1 | Q6: =IFERROR(__xludf.DUMMYFUNCTION("IFERROR(REGEXEXTRACT($I6,""LING.*?S\((\d+/\d+)\)""),"""") "),"1/2") -> 1/2 | R6: =IFERROR(__xludf.DUMMYFUNCTION("IFERROR(REGEXEXTRACT($I6,""LING[^|]*C\(([0-9]+/[0-9]+)\)""),"""") "),"0/1") -> 0/1 | S6: =IFERROR(__xludf.DUMMYFUNCTION("AND( VALUE(INDEX(SPLIT(J6,""/""),1))=VALUE(INDEX(SPLIT(J6,""/""),2)), VALUE(INDEX(SPLIT(M6,""/""),1))=VALUE(INDEX(SPLIT(M6,""/""),2)), VALUE(INDEX(SPLIT(P6,""/""),1))=VALUE(INDEX(SPLIT(P6,""/""),2)) ) "),FALSE) -> FALSE | T6: =IFERROR(__xludf.DUMMYFUNCTION(" (VALUE(INDEX(SPLIT(J6,""/""),2))-VALUE(INDEX(SPLIT(J6,""/""),1))) + (VALUE(INDEX(SPLIT(M6,""/""),2))-VALUE(INDEX(SPLIT(M6,""/""),1))) + (VALUE(INDEX(SPLIT(P6,""/""),2))-VALUE(INDEX(SPLIT(P6,""/""),1))) "),3.0) -> 3 | U6: Domain: Web Ecosystem: Node.js Language: JavaScript Match: DOM: M (1/2)[web] S (0/1)[] C (0/1)[] ECO: M (0/1)[] S (0/1)[] C (0/1)[] LING: M (0/1)[] S (1/2)[javascript] C (0/1)[] Collaboration:: 316-308: UNCOMMON 316-389: UNCOMMON 316-526: UNCOMMON | V6: Domain: Mobile Ecosystem: Android Language: Kotlin Match: DOM: M (0/2)[] S (0/1)[] C (1/1)[mobile] ECO: M (0/1)[] S (0/1)[] C (0/1)[] LING: M (0/1)[] S (0/2)[] C (0/1)[] Collaboration:: 389-308: UNCOMMON 389-316: UNCOMMON 389-526: UNCOMMON | W6: Domain: Web Ecosystem: React Language: JavaScript Match: DOM: M (1/2)[web] S (0/1)[] C (0/1)[] ECO: M (0/1)[] S (1/1)[react] C (0/1)[] LING: M (0/1)[] S (1/2)[javascript] C (0/1)[] Collaboration:: 526-308: UNCOMMON 526-316: UNCOMMON 526-389: UNCOMMON | X6: Domain: Web Ecosystem: React Language: JavaScript Match: DOM: M (1/2)[web] S (0/1)[] C (0/1)[] ECO: M (0/1)[] S (1/1)[react] C (0/1)[] LING: M (0/1)[] S (1/2)[javascript] C (0/1)[] Collaboration:: 308-316: UNCOMMON 308-389: UNCOMMON 308-526: UNCOMMON
J7: =IFERROR(__xludf.DUMMYFUNCTION("IFERROR(REGEXEXTRACT($I7,""DOM\s*M\((\d+/\d+)\)""),"""") "),"") | K7: =IFERROR(__xludf.DUMMYFUNCTION("IFERROR(REGEXEXTRACT($I7,""DOM.*?S\((\d+/\d+)\)""),"""") "),"") | L7: =IFERROR(__xludf.DUMMYFUNCTION("IFERROR(REGEXEXTRACT($I7,""DOM.*?C\((\d+/\d+)\)""),"""") "),"") | M7: =IFERROR(__xludf.DUMMYFUNCTION("IFERROR(REGEXEXTRACT($I7,""ECO\s*M\((\d+/\d+)\)""),"""") "),"") | N7: =IFERROR(__xludf.DUMMYFUNCTION("IFERROR(REGEXEXTRACT($I7,""ECO.*?S\((\d+/\d+)\)""),"""") "),"") | O7: =IFERROR(__xludf.DUMMYFUNCTION("IFERROR(REGEXEXTRACT($I7,""ECO.*?C\((\d+/\d+)\)""),"""") "),"") | P7: =IFERROR(__xludf.DUMMYFUNCTION("IFERROR(REGEXEXTRACT($I7,""LING\s*M\((\d+/\d+)\)""),"""") "),"") | Q7: =IFERROR(__xludf.DUMMYFUNCTION("IFERROR(REGEXEXTRACT($I7,""LING.*?S\((\d+/\d+)\)""),"""") "),"") | R7: =IFERROR(__xludf.DUMMYFUNCTION("IFERROR(REGEXEXTRACT($I7,""LING[^|]*C\(([0-9]+/[0-9]+)\)""),"""") "),"")
A8: P2 | B8: =IFERROR(VLOOKUP(A8,Projects!$A$2:$C$7,2,FALSE),"") -> Hybrid Mobile App with Web Panel | C8: P2-TEAM1 | D8: Dev466 | E8: Dev93 | F8: Dev437 | G8: Dev292 | H8: 1 | I8: DOM M(1/1)[mobile] S(1/1)[web] C(0/1)[] | ECO M(1/2)[ios/ipados] S(0/1)[] C(1/1)[.net] | LING M(1/2)[swift] S(1/2)[javascript] C(1/2)[c#] | J8: =IFERROR(__xludf.DUMMYFUNCTION("IFERROR(REGEXEXTRACT($I8,""DOM\s*M\((\d+/\d+)\)""),"""") "),"1/1") -> 1/1 | K8: =IFERROR(__xludf.DUMMYFUNCTION("IFERROR(REGEXEXTRACT($I8,""DOM.*?S\((\d+/\d+)\)""),"""") "),"1/1") -> 1/1 | L8: =IFERROR(__xludf.DUMMYFUNCTION("IFERROR(REGEXEXTRACT($I8,""DOM.*?C\((\d+/\d+)\)""),"""") "),"0/1") -> 0/1 | M8: =IFERROR(__xludf.DUMMYFUNCTION("IFERROR(REGEXEXTRACT($I8,""ECO\s*M\((\d+/\d+)\)""),"""") "),"1/2") -> 1/2 | N8: =IFERROR(__xludf.DUMMYFUNCTION("IFERROR(REGEXEXTRACT($I8,""ECO.*?S\((\d+/\d+)\)""),"""") "),"0/1") -> 0/1 | O8: =IFERROR(__xludf.DUMMYFUNCTION("IFERROR(REGEXEXTRACT($I8,""ECO.*?C\((\d+/\d+)\)""),"""") "),"1/1") -> 1/1 | P8: =IFERROR(__xludf.DUMMYFUNCTION("IFERROR(REGEXEXTRACT($I8,""LING\s*M\((\d+/\d+)\)""),"""") "),"1/2") -> 1/2 | Q8: =IFERROR(__xludf.DUMMYFUNCTION("IFERROR(REGEXEXTRACT($I8,""LING.*?S\((\d+/\d+)\)""),"""") "),"1/2") -> 1/2 | R8: =IFERROR(__xludf.DUMMYFUNCTION("IFERROR(REGEXEXTRACT($I8,""LING[^|]*C\(([0-9]+/[0-9]+)\)""),"""") "),"1/2") -> 1/2 | S8: =IFERROR(__xludf.DUMMYFUNCTION("AND( VALUE(INDEX(SPLIT(J8,""/""),1))=VALUE(INDEX(SPLIT(J8,""/""),2)), VALUE(INDEX(SPLIT(M8,""/""),1))=VALUE(INDEX(SPLIT(M8,""/""),2)), VALUE(INDEX(SPLIT(P8,""/""),1))=VALUE(INDEX(SPLIT(P8,""/""),2)) ) "),FALSE) -> FALSE | T8: =IFERROR(__xludf.DUMMYFUNCTION(" (VALUE(INDEX(SPLIT(J8,""/""),2))-VALUE(INDEX(SPLIT(J8,""/""),1))) + (VALUE(INDEX(SPLIT(M8,""/""),2))-VALUE(INDEX(SPLIT(M8,""/""),1))) + (VALUE(INDEX(SPLIT(P8,""/""),2))-VALUE(INDEX(SPLIT(P8,""/""),1))) "),2.0) -> 2 | U8: Domain: Desktop Ecosystem: .NET Language: C# Match: DOM: M (0/1)[] S (0/1)[] C (0/1)[] ECO: M (0/2)[] S (0/1)[] C (1/1)[.net] LING: M (0/2)[] S (0/2)[] C (1/2)[c#] Collaboration:: 466-93: UNCOMMON 466-292: UNCOMMON 466-437: UNCOMMON | V8: Domain: Desktop Ecosystem: .NET Language: C# Match: DOM: M (0/1)[] S (0/1)[] C (0/1)[] ECO: M (0/2)[] S (0/1)[] C (1/1)[.net] LING: M (0/2)[] S (0/2)[] C (1/2)[c#] Collaboration:: 93-292: UNCOMMON 93-437: UNCOMMON 93-466: UNCOMMON | W8: Domain: Mobile Ecosystem: iOS/iPadOS Language: Swift Match: DOM: M (1/1)[mobile] S (0/1)[] C (0/1)[] ECO: M (1/2)[ios/ipados] S (0/1)[] C (0/1)[] LING: M (1/2)[swift] S (0/2)[] C (0/2)[] Collaboration:: 437-93: P158(,osf=0.670,slf=0.322); P82(,osf=0.567,slf=0.737); P85(,osf=0.784,slf=0.538) | 437-292: P82(,osf=0.567,slf=0.737) 437-292: UNCOMMON 437-466: UNCOMMON | X8: Domain: Web Ecosystem: Node.js Language: JavaScript Match: DOM: M (0/1)[] S (1/1)[web] C (0/1)[] ECO: M (0/2)[] S (0/1)[] C (0/1)[] LING: M (0/2)[] S (1/2)[javascript] C (0/2)[] Collaboration:: 292-93: P82(,osf=0.567,slf=0.737) | 292-437: P82(,osf=0.567,slf=0.737) 292-437: UNCOMMON 292-466: UNCOMMON
B9: =IFERROR( "DOM M["&VLOOKUP($A8,Projects!$A:$L,4,FALSE)&"] S["&VLOOKUP($A8,Projects!$A:$L,5,FALSE)&"] C["&VLOOKUP($A8,Projects!$A:$L,6,FALSE)&"]"&CHAR(10)& "ECO M["&VLOOKUP($A8,Projects!$A:$L,7,FALSE)&"] S["&VLOOKUP($A8,Projects!$A:$L,8,FALSE)&"] C["&VLOOKUP($A8,Projects!$A:$L,9,FALSE)&"]"&CHAR(10)& "LING M["&VLOOKUP($A8,Projects!$A:$L,10,FALSE)&"] S["&VLOOKUP($A8,Projects!$A:$L,11,FALSE)&"] C["&VLOOKUP($A8,Projects!$A:$L,12,FALSE)&"]" ,"") -> DOM M[Mobile] S[Web] C[Cloud] ECO M[Android, iOS/iPadOS] S[React] C[.NET] LING M[Kotlin, Swift] S[JavaScript, TypeScript] C[Java, C#] | C9: P2-TEAM2 | D9: Dev270 | E9: Dev411 | F9: Dev479 | G9: Dev503 | H9: 2 | I9: DOM M(0/1)[] S(1/1)[web] C(0/1)[] | ECO M(0/2)[] S(1/1)[react] C(0/1)[] | LING M(0/2)[] S(2/2)[javascript, typescript] C(1/2)[java] | J9: =IFERROR(__xludf.DUMMYFUNCTION("IFERROR(REGEXEXTRACT($I9,""DOM\s*M\((\d+/\d+)\)""),"""") "),"0/1") -> 0/1 | K9: =IFERROR(__xludf.DUMMYFUNCTION("IFERROR(REGEXEXTRACT($I9,""DOM.*?S\((\d+/\d+)\)""),"""") "),"1/1") -> 1/1 | L9: =IFERROR(__xludf.DUMMYFUNCTION("IFERROR(REGEXEXTRACT($I9,""DOM.*?C\((\d+/\d+)\)""),"""") "),"0/1") -> 0/1 | M9: =IFERROR(__xludf.DUMMYFUNCTION("IFERROR(REGEXEXTRACT($I9,""ECO\s*M\((\d+/\d+)\)""),"""") "),"0/2") -> 0/2 | N9: =IFERROR(__xludf.DUMMYFUNCTION("IFERROR(REGEXEXTRACT($I9,""ECO.*?S\((\d+/\d+)\)""),"""") "),"1/1") -> 1/1 | O9: =IFERROR(__xludf.DUMMYFUNCTION("IFERROR(REGEXEXTRACT($I9,""ECO.*?C\((\d+/\d+)\)""),"""") "),"0/1") -> 0/1 | P9: =IFERROR(__xludf.DUMMYFUNCTION("IFERROR(REGEXEXTRACT($I9,""LING\s*M\((\d+/\d+)\)""),"""") "),"0/2") -> 0/2 | Q9: =IFERROR(__xludf.DUMMYFUNCTION("IFERROR(REGEXEXTRACT($I9,""LING.*?S\((\d+/\d+)\)""),"""") "),"2/2") -> 2/2 | R9: =IFERROR(__xludf.DUMMYFUNCTION("IFERROR(REGEXEXTRACT($I9,""LING[^|]*C\(([0-9]+/[0-9]+)\)""),"""") "),"1/2") -> 1/2 | S9: =IFERROR(__xludf.DUMMYFUNCTION("AND( VALUE(INDEX(SPLIT(J9,""/""),1))=VALUE(INDEX(SPLIT(J9,""/""),2)), VALUE(INDEX(SPLIT(M9,""/""),1))=VALUE(INDEX(SPLIT(M9,""/""),2)), VALUE(INDEX(SPLIT(P9,""/""),1))=VALUE(INDEX(SPLIT(P9,""/""),2)) ) "),FALSE) -> FALSE | T9: =IFERROR(__xludf.DUMMYFUNCTION(" (VALUE(INDEX(SPLIT(J9,""/""),2))-VALUE(INDEX(SPLIT(J9,""/""),1))) + (VALUE(INDEX(SPLIT(M9,""/""),2))-VALUE(INDEX(SPLIT(M9,""/""),1))) + (VALUE(INDEX(SPLIT(P9,""/""),2))-VALUE(INDEX(SPLIT(P9,""/""),1))) "),5.0) -> 5 | U9: Domain: Web Ecosystem: Angular Language: TypeScript Match: DOM: M (0/1)[] S (1/1)[web] C (0/1)[] ECO: M (0/2)[] S (0/1)[] C (0/1)[] LING: M (0/2)[] S (1/2)[typescript] C (0/2)[] Collaboration:: 270-411: UNCOMMON 270-479: UNCOMMON 270-503: UNCOMMON | V9: Domain: Web Ecosystem: Spring Boot Language: Java Match: DOM: M (0/1)[] S (1/1)[web] C (0/1)[] ECO: M (0/2)[] S (0/1)[] C (0/1)[] LING: M (0/2)[] S (0/2)[] C (1/2)[java] Collaboration:: 411-270: P82(,osf=0.567,slf=0.737) | 411-479: P179(,osf=0.489,slf=0.711) | 411-503: P145(,osf=0.612,slf=0.871); P177(,osf=0.340,slf=0.621); P284(,osf=0.383,slf=0.553) 411-479: UNCOMMON 411-503: UNCOMMON | W9: Domain: Web Ecosystem: Angular Language: TypeScript Match: DOM: M (0/1)[] S (1/1)[web] C (0/1)[] ECO: M (0/2)[] S (0/1)[] C (0/1)[] LING: M (0/2)[] S (1/2)[typescript] C (0/2)[] Collaboration:: 479-270: UNCOMMON 479-411: P179(,osf=0.489,slf=0.711) 479-503: UNCOMMON | X9: Domain: Web Ecosystem: React Language: JavaScript Match: DOM: M (0/1)[] S (1/1)[web] C (0/1)[] ECO: M (0/2)[] S (1/1)[react] C (0/1)[] LING: M (0/2)[] S (1/2)[javascript] C (0/2)[] Collaboration:: 503-270: UNCOMMON 503-411: UNCOMMON 503-479: UNCOMMON
C10: P2-TEAM3 | D10: Dev115 | E10: Dev119 | F10: Dev399 | G10: Dev193 | H10: 3 | I10: DOM M(1/1)[mobile] S(1/1)[web] C(0/1)[] | ECO M(1/2)[ios/ipados] S(0/1)[] C(1/1)[.net] | LING M(1/2)[swift] S(1/2)[javascript] C(2/2)[java, c#] | J10: =IFERROR(__xludf.DUMMYFUNCTION("IFERROR(REGEXEXTRACT($I10,""DOM\s*M\((\d+/\d+)\)""),"""") "),"1/1") -> 1/1 | K10: =IFERROR(__xludf.DUMMYFUNCTION("IFERROR(REGEXEXTRACT($I10,""DOM.*?S\((\d+/\d+)\)""),"""") "),"1/1") -> 1/1 | L10: =IFERROR(__xludf.DUMMYFUNCTION("IFERROR(REGEXEXTRACT($I10,""DOM.*?C\((\d+/\d+)\)""),"""") "),"0/1") -> 0/1 | M10: =IFERROR(__xludf.DUMMYFUNCTION("IFERROR(REGEXEXTRACT($I10,""ECO\s*M\((\d+/\d+)\)""),"""") "),"1/2") -> 1/2 | N10: =IFERROR(__xludf.DUMMYFUNCTION("IFERROR(REGEXEXTRACT($I10,""ECO.*?S\((\d+/\d+)\)""),"""") "),"0/1") -> 0/1 | O10: =IFERROR(__xludf.DUMMYFUNCTION("IFERROR(REGEXEXTRACT($I10,""ECO.*?C\((\d+/\d+)\)""),"""") "),"1/1") -> 1/1 | P10: =IFERROR(__xludf.DUMMYFUNCTION("IFERROR(REGEXEXTRACT($I10,""LING\s*M\((\d+/\d+)\)""),"""") "),"1/2") -> 1/2 | Q10: =IFERROR(__xludf.DUMMYFUNCTION("IFERROR(REGEXEXTRACT($I10,""LING.*?S\((\d+/\d+)\)""),"""") "),"1/2") -> 1/2 | R10: =IFERROR(__xludf.DUMMYFUNCTION("IFERROR(REGEXEXTRACT($I10,""LING[^|]*C\(([0-9]+/[0-9]+)\)""),"""") "),"2/2") -> 2/2 | S10: =IFERROR(__xludf.DUMMYFUNCTION("AND( VALUE(INDEX(SPLIT(J10,""/""),1))=VALUE(INDEX(SPLIT(J10,""/""),2)), VALUE(INDEX(SPLIT(M10,""/""),1))=VALUE(INDEX(SPLIT(M10,""/""),2)), VALUE(INDEX(SPLIT(P10,""/""),1))=VALUE(INDEX(SPLIT(P10,""/""),2)) ) "),FALSE) -> FALSE | T10: =IFERROR(__xludf.DUMMYFUNCTION(" (VALUE(INDEX(SPLIT(J10,""/""),2))-VALUE(INDEX(SPLIT(J10,""/""),1))) + (VALUE(INDEX(SPLIT(M10,""/""),2))-VALUE(INDEX(SPLIT(M10,""/""),1))) + (VALUE(INDEX(SPLIT(P10,""/""),2))-VALUE(INDEX(SPLIT(P10,""/""),1))) "),2.0) -> 2 | U10: Domain: Web Ecosystem: Node.js Language: JavaScript Match: DOM: M (0/1)[] S (1/1)[web] C (0/1)[] ECO: M (0/2)[] S (0/1)[] C (0/1)[] LING: M (0/2)[] S (1/2)[javascript] C (0/2)[] Collaboration:: 115-119: UNCOMMON 115-193: UNCOMMON 115-399: UNCOMMON | V10: Domain: Mobile Ecosystem: iOS/iPadOS Language: Swift Match: DOM: M (1/1)[mobile] S (0/1)[] C (0/1)[] ECO: M (1/2)[ios/ipados] S (0/1)[] C (0/1)[] LING: M (1/2)[swift] S (0/2)[] C (0/2)[] Collaboration:: 119-115: UNCOMMON 119-193: P82(,osf=0.567,slf=0.737) | 119-399: P82(,osf=0.567,slf=0.737) 119-399: UNCOMMON | W10: Domain: Desktop Ecosystem: .NET Language: C# Match: DOM: M (0/1)[] S (0/1)[] C (0/1)[] ECO: M (0/2)[] S (0/1)[] C (1/1)[.net] LING: M (0/2)[] S (0/2)[] C (1/2)[c#] Collaboration:: 399-115: UNCOMMON 399-119: P82(,osf=0.567,slf=0.737) | 399-193: P82(,osf=0.567,slf=0.737); P85(,osf=0.784,slf=0.538) 399-193: UNCOMMON | X10: Domain: Web Ecosystem: Spring Boot Language: Java Match: DOM: M (0/1)[] S (1/1)[web] C (0/1)[] ECO: M (0/2)[] S (0/1)[] C (0/1)[] LING: M (0/2)[] S (0/2)[] C (1/2)[java] Collaboration:: 193-115: UNCOMMON 193-119: UNCOMMON 193-399: UNCOMMON
C11: P2-TEAM4 | D11: Dev468 | E11: Dev263 | F11: Dev503 | G11: Dev5 | H11: 4 | I11: DOM M(1/1)[mobile] S(1/1)[web] C(1/1)[cloud] | ECO M(1/2)[android] S(1/1)[react] C(0/1)[] | LING M(1/2)[kotlin] S(1/2)[javascript] C(0/2)[] | J11: =IFERROR(__xludf.DUMMYFUNCTION("IFERROR(REGEXEXTRACT($I11,""DOM\s*M\((\d+/\d+)\)""),"""") "),"1/1") -> 1/1 | K11: =IFERROR(__xludf.DUMMYFUNCTION("IFERROR(REGEXEXTRACT($I11,""DOM.*?S\((\d+/\d+)\)""),"""") "),"1/1") -> 1/1 | L11: =IFERROR(__xludf.DUMMYFUNCTION("IFERROR(REGEXEXTRACT($I11,""DOM.*?C\((\d+/\d+)\)""),"""") "),"1/1") -> 1/1 | M11: =IFERROR(__xludf.DUMMYFUNCTION("IFERROR(REGEXEXTRACT($I11,""ECO\s*M\((\d+/\d+)\)""),"""") "),"1/2") -> 1/2 | N11: =IFERROR(__xludf.DUMMYFUNCTION("IFERROR(REGEXEXTRACT($I11,""ECO.*?S\((\d+/\d+)\)""),"""") "),"1/1") -> 1/1 | O11: =IFERROR(__xludf.DUMMYFUNCTION("IFERROR(REGEXEXTRACT($I11,""ECO.*?C\((\d+/\d+)\)""),"""") "),"0/1") -> 0/1 | P11: =IFERROR(__xludf.DUMMYFUNCTION("IFERROR(REGEXEXTRACT($I11,""LING\s*M\((\d+/\d+)\)""),"""") "),"1/2") -> 1/2 | Q11: =IFERROR(__xludf.DUMMYFUNCTION("IFERROR(REGEXEXTRACT($I11,""LING.*?S\((\d+/\d+)\)""),"""") "),"1/2") -> 1/2 | R11: =IFERROR(__xludf.DUMMYFUNCTION("IFERROR(REGEXEXTRACT($I11,""LING[^|]*C\(([0-9]+/[0-9]+)\)""),"""") "),"0/2") -> 0/2 | S11: =IFERROR(__xludf.DUMMYFUNCTION("AND( VALUE(INDEX(SPLIT(J11,""/""),1))=VALUE(INDEX(SPLIT(J11,""/""),2)), VALUE(INDEX(SPLIT(M11,""/""),1))=VALUE(INDEX(SPLIT(M11,""/""),2)), VALUE(INDEX(SPLIT(P11,""/""),1))=VALUE(INDEX(SPLIT(P11,""/""),2)) ) "),FALSE) -> FALSE | T11: =IFERROR(__xludf.DUMMYFUNCTION(" (VALUE(INDEX(SPLIT(J11,""/""),2))-VALUE(INDEX(SPLIT(J11,""/""),1))) + (VALUE(INDEX(SPLIT(M11,""/""),2))-VALUE(INDEX(SPLIT(M11,""/""),1))) + (VALUE(INDEX(SPLIT(P11,""/""),2))-VALUE(INDEX(SPLIT(P11,""/""),1))) "),2.0) -> 2 | U11: Domain: Cloud Ecosystem: AWS Lambda Language: Python Match: DOM: M (0/1)[] S (0/1)[] C (1/1)[cloud] ECO: M (0/2)[] S (0/1)[] C (0/1)[] LING: M (0/2)[] S (0/2)[] C (0/2)[] Collaboration:: 468-5: P82(,osf=0.567,slf=0.737) | 468-508: P196(,osf=0.888,slf=0.339) | 468-516: P82(,osf=0.567,slf=0.737); P85(,osf=0.784,slf=0.538) 468-263: UNCOMMON 468-503: UNCOMMON | V11: Domain: Web Ecosystem: Vue Language: JavaScript Match: DOM: M (0/1)[] S (1/1)[web] C (0/1)[] ECO: M (0/2)[] S (0/1)[] C (0/1)[] LING: M (0/2)[] S (1/2)[javascript] C (0/2)[] Collaboration:: 263-5: P179(,osf=0.489,slf=0.711) | 263-145: P179(,osf=0.489,slf=0.711); P201(,osf=0.535,slf=0.596) 263-468: UNCOMMON 263-503: UNCOMMON | W11: Domain: Web Ecosystem: React Language: JavaScript Match: DOM: M (0/1)[] S (1/1)[web] C (0/1)[] ECO: M (0/2)[] S (1/1)[react] C (0/1)[] LING: M (0/2)[] S (1/2)[javascript] C (0/2)[] Collaboration:: 503-5: P145(,osf=0.612,slf=0.871); P177(,osf=0.340,slf=0.621); P213(,osf=0.312,slf=0.608); P216(,osf=0.401,slf=0.341); P279(,osf=0.594,slf=0.422) | 503-411: P145(,osf=0.612,slf=0.871); P177(,osf=0.340,slf=0.621); P284(,osf=0.383,slf=0.553) 503-263: UNCOMMON 503-468: UNCOMMON | X11: Domain: Mobile Ecosystem: Android Language: Kotlin Match: DOM: M (1/1)[mobile] S (0/1)[] C (0/1)[] ECO: M (1/2)[android] S (0/1)[] C (0/1)[] LING: M (1/2)[kotlin] S (0/2)[] C (0/2)[] Collaboration:: 5-263: P179(,osf=0.489,slf=0.711) | 5-468: P82(,osf=0.567,slf=0.737) | 5-503: P145(,osf=0.612,slf=0.871); P177(,osf=0.340,slf=0.621); P213(,osf=0.312,slf=0.608); P216(,osf=0.401,slf=0.341); P279(,osf=0.594,slf=0.422) 5-468: UNCOMMON 5-503: UNCOMMON
C12: P2-TEAM5 | D12: Dev104 | E12: Dev363 | F12: Dev544 | G12: Dev81 | H12: 3 | I12: DOM M(1/1)[mobile] S(0/1)[] C(0/1)[] | ECO M(2/2)[android, ios/ipados] S(0/1)[] C(0/1)[] | LING M(2/2)[kotlin, swift] S(1/2)[javascript] C(0/2)[] | J12: =IFERROR(__xludf.DUMMYFUNCTION("IFERROR(REGEXEXTRACT($I12,""DOM\s*M\((\d+/\d+)\)""),"""") "),"1/1") -> 1/1 | K12: =IFERROR(__xludf.DUMMYFUNCTION("IFERROR(REGEXEXTRACT($I12,""DOM.*?S\((\d+/\d+)\)""),"""") "),"0/1") -> 0/1 | L12: =IFERROR(__xludf.DUMMYFUNCTION("IFERROR(REGEXEXTRACT($I12,""DOM.*?C\((\d+/\d+)\)""),"""") "),"0/1") -> 0/1 | M12: =IFERROR(__xludf.DUMMYFUNCTION("IFERROR(REGEXEXTRACT($I12,""ECO\s*M\((\d+/\d+)\)""),"""") "),"2/2") -> 2/2 | N12: =IFERROR(__xludf.DUMMYFUNCTION("IFERROR(REGEXEXTRACT($I12,""ECO.*?S\((\d+/\d+)\)""),"""") "),"0/1") -> 0/1 | O12: =IFERROR(__xludf.DUMMYFUNCTION("IFERROR(REGEXEXTRACT($I12,""ECO.*?C\((\d+/\d+)\)""),"""") "),"0/1") -> 0/1 | P12: =IFERROR(__xludf.DUMMYFUNCTION("IFERROR(REGEXEXTRACT($I12,""LING\s*M\((\d+/\d+)\)""),"""") "),"2/2") -> 2/2 | Q12: =IFERROR(__xludf.DUMMYFUNCTION("IFERROR(REGEXEXTRACT($I12,""LING.*?S\((\d+/\d+)\)""),"""") "),"1/2") -> 1/2 | R12: =IFERROR(__xludf.DUMMYFUNCTION("IFERROR(REGEXEXTRACT($I12,""LING[^|]*C\(([0-9]+/[0-9]+)\)""),"""") "),"0/2") -> 0/2 | S12: =IFERROR(__xludf.DUMMYFUNCTION("AND( VALUE(INDEX(SPLIT(J12,""/""),1))=VALUE(INDEX(SPLIT(J12,""/""),2)), VALUE(INDEX(SPLIT(M12,""/""),1))=VALUE(INDEX(SPLIT(M12,""/""),2)), VALUE(INDEX(SPLIT(P12,""/""),1))=VALUE(INDEX(SPLIT(P12,""/""),2)) ) "),TRUE) -> TRUE | T12: =IFERROR(__xludf.DUMMYFUNCTION(" (VALUE(INDEX(SPLIT(J12,""/""),2))-VALUE(INDEX(SPLIT(J12,""/""),1))) + (VALUE(INDEX(SPLIT(M12,""/""),2))-VALUE(INDEX(SPLIT(M12,""/""),1))) + (VALUE(INDEX(SPLIT(P12,""/""),2))-VALUE(INDEX(SPLIT(P12,""/""),1))) "),0.0) -> 0 | U12: Domain: Mobile Ecosystem: Android Language: Kotlin Match: DOM: M (1/1)[mobile] S (0/1)[] C (0/1)[] ECO: M (1/2)[android] S (0/1)[] C (0/1)[] LING: M (1/2)[kotlin] S (0/2)[] C (0/2)[] Collaboration:: 104-81: P69(,osf=0.478,slf=0.301) 104-363: UNCOMMON 104-544: UNCOMMON | V12: Domain: Mobile Ecosystem: iOS/iPadOS Language: Swift Match: DOM: M (1/1)[mobile] S (0/1)[] C (0/1)[] ECO: M (1/2)[ios/ipados] S (0/1)[] C (0/1)[] LING: M (1/2)[swift] S (0/2)[] C (0/2)[] Collaboration:: 363-81: UNCOMMON 363-104: UNCOMMON 363-544: UNCOMMON | W12: Domain: Mobile Ecosystem: iOS/iPadOS Language: Swift Match: DOM: M (1/1)[mobile] S (0/1)[] C (0/1)[] ECO: M (1/2)[ios/ipados] S (0/1)[] C (0/1)[] LING: M (1/2)[swift] S (0/2)[] C (0/2)[] Collaboration:: 544-81: UNCOMMON 544-104: UNCOMMON 544-363: UNCOMMON | X12: Domain: IoT Ecosystem: nan Language: JavaScript Match: DOM: M (0/1)[] S (0/1)[] C (0/1)[] ECO: M (0/2)[] S (0/1)[] C (0/1)[] LING: M (0/2)[] S (1/2)[javascript] C (0/2)[] Collaboration:: 81-104: P69(,osf=0.478,slf=0.301) 81-363: UNCOMMON 81-544: UNCOMMON
J13: =IFERROR(__xludf.DUMMYFUNCTION("IFERROR(REGEXEXTRACT($I13,""DOM\s*M\((\d+/\d+)\)""),"""") "),"") | K13: =IFERROR(__xludf.DUMMYFUNCTION("IFERROR(REGEXEXTRACT($I13,""DOM.*?S\((\d+/\d+)\)""),"""") "),"") | L13: =IFERROR(__xludf.DUMMYFUNCTION("IFERROR(REGEXEXTRACT($I13,""DOM.*?C\((\d+/\d+)\)""),"""") "),"") | M13: =IFERROR(__xludf.DUMMYFUNCTION("IFERROR(REGEXEXTRACT($I13,""ECO\s*M\((\d+/\d+)\)""),"""") "),"") | N13: =IFERROR(__xludf.DUMMYFUNCTION("IFERROR(REGEXEXTRACT($I13,""ECO.*?S\((\d+/\d+)\)""),"""") "),"") | O13: =IFERROR(__xludf.DUMMYFUNCTION("IFERROR(REGEXEXTRACT($I13,""ECO.*?C\((\d+/\d+)\)""),"""") "),"") | P13: =IFERROR(__xludf.DUMMYFUNCTION("IFERROR(REGEXEXTRACT($I13,""LING\s*M\((\d+/\d+)\)""),"""") "),"") | Q13: =IFERROR(__xludf.DUMMYFUNCTION("IFERROR(REGEXEXTRACT($I13,""LING.*?S\((\d+/\d+)\)""),"""") "),"") | R13: =IFERROR(__xludf.DUMMYFUNCTION("IFERROR(REGEXEXTRACT($I13,""LING[^|]*C\(([0-9]+/[0-9]+)\)""),"""") "),"")
A14: P3 | B14: =IFERROR(VLOOKUP(A14,Projects!$A$2:$C$7,2,FALSE),"") -> Cloud IoT Sensor Platform | C14: P3-TEAM1 | D14: Dev423 | E14: Dev558 | F14: Dev494 | G14: Dev391 | H14: 3 | I14: DOM M(1/2)[cloud] S(1/1)[web] C(0/1)[] | ECO M(1/1)[aws lambda] S(1/3)[react] C(1/1)[android] | LING M(1/2)[python] S(1/1)[javascript] C(0/2)[] | J14: =IFERROR(__xludf.DUMMYFUNCTION("IFERROR(REGEXEXTRACT($I14,""DOM\s*M\((\d+/\d+)\)""),"""") "),"1/2") -> 1/2 | K14: =IFERROR(__xludf.DUMMYFUNCTION("IFERROR(REGEXEXTRACT($I14,""DOM.*?S\((\d+/\d+)\)""),"""") "),"1/1") -> 1/1 | L14: =IFERROR(__xludf.DUMMYFUNCTION("IFERROR(REGEXEXTRACT($I14,""DOM.*?C\((\d+/\d+)\)""),"""") "),"0/1") -> 0/1 | M14: =IFERROR(__xludf.DUMMYFUNCTION("IFERROR(REGEXEXTRACT($I14,""ECO\s*M\((\d+/\d+)\)""),"""") "),"1/1") -> 1/1 | N14: =IFERROR(__xludf.DUMMYFUNCTION("IFERROR(REGEXEXTRACT($I14,""ECO.*?S\((\d+/\d+)\)""),"""") "),"1/3") -> 1/3 | O14: =IFERROR(__xludf.DUMMYFUNCTION("IFERROR(REGEXEXTRACT($I14,""ECO.*?C\((\d+/\d+)\)""),"""") "),"1/1") -> 1/1 | P14: =IFERROR(__xludf.DUMMYFUNCTION("IFERROR(REGEXEXTRACT($I14,""LING\s*M\((\d+/\d+)\)""),"""") "),"1/2") -> 1/2 | Q14: =IFERROR(__xludf.DUMMYFUNCTION("IFERROR(REGEXEXTRACT($I14,""LING.*?S\((\d+/\d+)\)""),"""") "),"1/1") -> 1/1 | R14: =IFERROR(__xludf.DUMMYFUNCTION("IFERROR(REGEXEXTRACT($I14,""LING[^|]*C\(([0-9]+/[0-9]+)\)""),"""") "),"0/2") -> 0/2 | S14: =IFERROR(__xludf.DUMMYFUNCTION("AND( VALUE(INDEX(SPLIT(J14,""/""),1))=VALUE(INDEX(SPLIT(J14,""/""),2)), VALUE(INDEX(SPLIT(M14,""/""),1))=VALUE(INDEX(SPLIT(M14,""/""),2)), VALUE(INDEX(SPLIT(P14,""/""),1))=VALUE(INDEX(SPLIT(P14,""/""),2)) ) "),FALSE) -> FALSE | T14: =IFERROR(__xludf.DUMMYFUNCTION(" (VALUE(INDEX(SPLIT(J14,""/""),2))-VALUE(INDEX(SPLIT(J14,""/""),1))) + (VALUE(INDEX(SPLIT(M14,""/""),2))-VALUE(INDEX(SPLIT(M14,""/""),1))) + (VALUE(INDEX(SPLIT(P14,""/""),2))-VALUE(INDEX(SPLIT(P14,""/""),1))) "),2.0) -> 2 | U14: Domain: Web Ecosystem: React Language: JavaScript Match: DOM: M (0/2)[] S (1/1)[web] C (0/1)[] ECO: M (0/1)[] S (1/3)[react] C (0/1)[] LING: M (0/2)[] S (1/1)[javascript] C (0/2)[] Collaboration:: 423-391: UNCOMMON 423-494: UNCOMMON 423-558: P85(,osf=0.784,slf=0.538) | V14: Domain: Mobile Ecosystem: Android Language: Kotlin Match: DOM: M (0/2)[] S (0/1)[] C (0/1)[] ECO: M (0/1)[] S (0/3)[] C (1/1)[android] LING: M (0/2)[] S (0/1)[] C (0/2)[] Collaboration:: 558-391: UNCOMMON 558-423: UNCOMMON 558-494: UNCOMMON | W14: Domain: Cloud Ecosystem: AWS Lambda Language: Python Match: DOM: M (1/2)[cloud] S (0/1)[] C (0/1)[] ECO: M (1/1)[aws lambda] S (0/3)[] C (0/1)[] LING: M (1/2)[python] S (0/1)[] C (0/2)[] Collaboration:: 494-391: UNCOMMON 494-423: UNCOMMON 494-558: UNCOMMON | X14: Domain: Cloud Ecosystem: AWS Lambda Language: Python Match: DOM: M (1/2)[cloud] S (0/1)[] C (0/1)[] ECO: M (1/1)[aws lambda] S (0/3)[] C (0/1)[] LING: M (1/2)[python] S (0/1)[] C (0/2)[] Collaboration:: 391-423: UNCOMMON 391-494: UNCOMMON 391-558: UNCOMMON
B15: =IFERROR( "DOM M["&VLOOKUP($A14,Projects!$A:$L,4,FALSE)&"] S["&VLOOKUP($A14,Projects!$A:$L,5,FALSE)&"] C["&VLOOKUP($A14,Projects!$A:$L,6,FALSE)&"]"&CHAR(10)& "ECO M["&VLOOKUP($A14,Projects!$A:$L,7,FALSE)&"] S["&VLOOKUP($A14,Projects!$A:$L,8,FALSE)&"] C["&VLOOKUP($A14,Projects!$A:$L,9,FALSE)&"]"&CHAR(10)& "LING M["&VLOOKUP($A14,Projects!$A:$L,10,FALSE)&"] S["&VLOOKUP($A14,Projects!$A:$L,11,FALSE)&"] C["&VLOOKUP($A14,Projects!$A:$L,12,FALSE)&"]" ,"") -> DOM M[IoT, Cloud] S[Web] C[Desktop] ECO M[AWS Lambda] S[React, Angular, MongoDB] C[Android] LING M[Python, C++] S[JavaScript] C[Java, TypeScript] | C15: P3-TEAM2 | D15: Dev104 | E15: Dev446 | F15: Dev152 | G15: Dev465 | H15: 5 | I15: DOM M(0/2)[] S(1/1)[web] C(0/1)[] | ECO M(0/1)[] S(1/3)[react] C(1/1)[android] | LING M(0/2)[] S(1/1)[javascript] C(1/2)[java] | J15: =IFERROR(__xludf.DUMMYFUNCTION("IFERROR(REGEXEXTRACT($I15,""DOM\s*M\((\d+/\d+)\)""),"""") "),"0/2") -> 0/2 | K15: =IFERROR(__xludf.DUMMYFUNCTION("IFERROR(REGEXEXTRACT($I15,""DOM.*?S\((\d+/\d+)\)""),"""") "),"1/1") -> 1/1 | L15: =IFERROR(__xludf.DUMMYFUNCTION("IFERROR(REGEXEXTRACT($I15,""DOM.*?C\((\d+/\d+)\)""),"""") "),"0/1") -> 0/1 | M15: =IFERROR(__xludf.DUMMYFUNCTION("IFERROR(REGEXEXTRACT($I15,""ECO\s*M\((\d+/\d+)\)""),"""") "),"0/1") -> 0/1 | N15: =IFERROR(__xludf.DUMMYFUNCTION("IFERROR(REGEXEXTRACT($I15,""ECO.*?S\((\d+/\d+)\)""),"""") "),"1/3") -> 1/3 | O15: =IFERROR(__xludf.DUMMYFUNCTION("IFERROR(REGEXEXTRACT($I15,""ECO.*?C\((\d+/\d+)\)""),"""") "),"1/1") -> 1/1 | P15: =IFERROR(__xludf.DUMMYFUNCTION("IFERROR(REGEXEXTRACT($I15,""LING\s*M\((\d+/\d+)\)""),"""") "),"0/2") -> 0/2 | Q15: =IFERROR(__xludf.DUMMYFUNCTION("IFERROR(REGEXEXTRACT($I15,""LING.*?S\((\d+/\d+)\)""),"""") "),"1/1") -> 1/1 | R15: =IFERROR(__xludf.DUMMYFUNCTION("IFERROR(REGEXEXTRACT($I15,""LING[^|]*C\(([0-9]+/[0-9]+)\)""),"""") "),"1/2") -> 1/2 | S15: =IFERROR(__xludf.DUMMYFUNCTION("AND( VALUE(INDEX(SPLIT(J15,""/""),1))=VALUE(INDEX(SPLIT(J15,""/""),2)), VALUE(INDEX(SPLIT(M15,""/""),1))=VALUE(INDEX(SPLIT(M15,""/""),2)), VALUE(INDEX(SPLIT(P15,""/""),1))=VALUE(INDEX(SPLIT(P15,""/""),2)) ) "),FALSE) -> FALSE | T15: =IFERROR(__xludf.DUMMYFUNCTION(" (VALUE(INDEX(SPLIT(J15,""/""),2))-VALUE(INDEX(SPLIT(J15,""/""),1))) + (VALUE(INDEX(SPLIT(M15,""/""),2))-VALUE(INDEX(SPLIT(M15,""/""),1))) + (VALUE(INDEX(SPLIT(P15,""/""),2))-VALUE(INDEX(SPLIT(P15,""/""),1))) "),5.0) -> 5 | U15: Domain: Mobile Ecosystem: Android Language: Kotlin Match: DOM: M (0/2)[] S (0/1)[] C (0/1)[] ECO: M (0/1)[] S (0/3)[] C (1/1)[android] LING: M (0/2)[] S (0/1)[] C (0/2)[] Collaboration:: 104-152: UNCOMMON 104-446: UNCOMMON 104-465: UNCOMMON | V15: Domain: Mobile Ecosystem: Android Language: Kotlin Match: DOM: M (0/2)[] S (0/1)[] C (0/1)[] ECO: M (0/1)[] S (0/3)[] C (1/1)[android] LING: M (0/2)[] S (0/1)[] C (0/2)[] Collaboration:: 446-104: UNCOMMON 446-152: UNCOMMON 446-465: UNCOMMON | W15: Domain: Web Ecosystem: React Language: JavaScript Match: DOM: M (0/2)[] S (1/1)[web] C (0/1)[] ECO: M (0/1)[] S (1/3)[react] C (0/1)[] LING: M (0/2)[] S (1/1)[javascript] C (0/2)[] Collaboration:: 152-104: UNCOMMON 152-446: UNCOMMON 152-465: UNCOMMON | X15: Domain: Web Ecosystem: Spring Boot Language: Java Match: DOM: M (0/2)[] S (1/1)[web] C (0/1)[] ECO: M (0/1)[] S (0/3)[] C (0/1)[] LING: M (0/2)[] S (0/1)[] C (1/2)[java] Collaboration:: 465-104: UNCOMMON 465-152: UNCOMMON 465-446: UNCOMMON
C16: P3-TEAM3 | D16: Dev362 | E16: Dev242 | F16: Dev450 | G16: Dev161 | H16: 4 | I16: DOM M(0/2)[] S(1/1)[web] C(1/1)[desktop] | ECO M(0/1)[] S(1/3)[react] C(0/1)[] | LING M(0/2)[] S(1/1)[javascript] C(0/2)[] | J16: =IFERROR(__xludf.DUMMYFUNCTION("IFERROR(REGEXEXTRACT($I16,""DOM\s*M\((\d+/\d+)\)""),"""") "),"0/2") -> 0/2 | K16: =IFERROR(__xludf.DUMMYFUNCTION("IFERROR(REGEXEXTRACT($I16,""DOM.*?S\((\d+/\d+)\)""),"""") "),"1/1") -> 1/1 | L16: =IFERROR(__xludf.DUMMYFUNCTION("IFERROR(REGEXEXTRACT($I16,""DOM.*?C\((\d+/\d+)\)""),"""") "),"1/1") -> 1/1 | M16: =IFERROR(__xludf.DUMMYFUNCTION("IFERROR(REGEXEXTRACT($I16,""ECO\s*M\((\d+/\d+)\)""),"""") "),"0/1") -> 0/1 | N16: =IFERROR(__xludf.DUMMYFUNCTION("IFERROR(REGEXEXTRACT($I16,""ECO.*?S\((\d+/\d+)\)""),"""") "),"1/3") -> 1/3 | O16: =IFERROR(__xludf.DUMMYFUNCTION("IFERROR(REGEXEXTRACT($I16,""ECO.*?C\((\d+/\d+)\)""),"""") "),"0/1") -> 0/1 | P16: =IFERROR(__xludf.DUMMYFUNCTION("IFERROR(REGEXEXTRACT($I16,""LING\s*M\((\d+/\d+)\)""),"""") "),"0/2") -> 0/2 | Q16: =IFERROR(__xludf.DUMMYFUNCTION("IFERROR(REGEXEXTRACT($I16,""LING.*?S\((\d+/\d+)\)""),"""") "),"1/1") -> 1/1 | R16: =IFERROR(__xludf.DUMMYFUNCTION("IFERROR(REGEXEXTRACT($I16,""LING[^|]*C\(([0-9]+/[0-9]+)\)""),"""") "),"0/2") -> 0/2 | S16: =IFERROR(__xludf.DUMMYFUNCTION("AND( VALUE(INDEX(SPLIT(J16,""/""),1))=VALUE(INDEX(SPLIT(J16,""/""),2)), VALUE(INDEX(SPLIT(M16,""/""),1))=VALUE(INDEX(SPLIT(M16,""/""),2)), VALUE(INDEX(SPLIT(P16,""/""),1))=VALUE(INDEX(SPLIT(P16,""/""),2)) ) "),FALSE) -> FALSE | T16: =IFERROR(__xludf.DUMMYFUNCTION(" (VALUE(INDEX(SPLIT(J16,""/""),2))-VALUE(INDEX(SPLIT(J16,""/""),1))) + (VALUE(INDEX(SPLIT(M16,""/""),2))-VALUE(INDEX(SPLIT(M16,""/""),1))) + (VALUE(INDEX(SPLIT(P16,""/""),2))-VALUE(INDEX(SPLIT(P16,""/""),1))) "),5.0) -> 5 | U16: Domain: Web Ecosystem: React Language: JavaScript Match: DOM: M (0/2)[] S (1/1)[web] C (0/1)[] ECO: M (0/1)[] S (1/3)[react] C (0/1)[] LING: M (0/2)[] S (1/1)[javascript] C (0/2)[] Collaboration:: 362-161: UNCOMMON 362-242: UNCOMMON 362-450: UNCOMMON | V16: Domain: Web Ecosystem: Node.js Language: JavaScript Match: DOM: M (0/2)[] S (1/1)[web] C (0/1)[] ECO: M (0/1)[] S (0/3)[] C (0/1)[] LING: M (0/2)[] S (1/1)[javascript] C (0/2)[] Collaboration:: 242-161: UNCOMMON 242-362: UNCOMMON 242-450: UNCOMMON | W16: Domain: Desktop Ecosystem: .NET Language: C# Match: DOM: M (0/2)[] S (0/1)[] C (1/1)[desktop] ECO: M (0/1)[] S (0/3)[] C (0/1)[] LING: M (0/2)[] S (0/1)[] C (0/2)[] Collaboration:: 450-161: UNCOMMON 450-242: UNCOMMON 450-362: UNCOMMON | X16: Domain: nan Ecosystem: nan Language: JavaScript Match: DOM: M (0/2)[] S (0/1)[] C (0/1)[] ECO: M (0/1)[] S (0/3)[] C (0/1)[] LING: M (0/2)[] S (1/1)[javascript] C (0/2)[] Collaboration:: 161-242: UNCOMMON 161-362: UNCOMMON 161-450: UNCOMMON
C17: P3-TEAM4 | D17: Dev362 | E17: Dev354 | F17: Dev495 | G17: Dev458 | H17: 3 | I17: DOM M(0/2)[] S(1/1)[web] C(0/1)[] | ECO M(0/1)[] S(1/3)[react] C(0/1)[] | LING M(0/2)[] S(1/1)[javascript] C(1/2)[java] | J17: =IFERROR(__xludf.DUMMYFUNCTION("IFERROR(REGEXEXTRACT($I17,""DOM\s*M\((\d+/\d+)\)""),"""") "),"0/2") -> 0/2 | K17: =IFERROR(__xludf.DUMMYFUNCTION("IFERROR(REGEXEXTRACT($I17,""DOM.*?S\((\d+/\d+)\)""),"""") "),"1/1") -> 1/1 | L17: =IFERROR(__xludf.DUMMYFUNCTION("IFERROR(REGEXEXTRACT($I17,""DOM.*?C\((\d+/\d+)\)""),"""") "),"0/1") -> 0/1 | M17: =IFERROR(__xludf.DUMMYFUNCTION("IFERROR(REGEXEXTRACT($I17,""ECO\s*M\((\d+/\d+)\)""),"""") "),"0/1") -> 0/1 | N17: =IFERROR(__xludf.DUMMYFUNCTION("IFERROR(REGEXEXTRACT($I17,""ECO.*?S\((\d+/\d+)\)""),"""") "),"1/3") -> 1/3 | O17: =IFERROR(__xludf.DUMMYFUNCTION("IFERROR(REGEXEXTRACT($I17,""ECO.*?C\((\d+/\d+)\)""),"""") "),"0/1") -> 0/1 | P17: =IFERROR(__xludf.DUMMYFUNCTION("IFERROR(REGEXEXTRACT($I17,""LING\s*M\((\d+/\d+)\)""),"""") "),"0/2") -> 0/2 | Q17: =IFERROR(__xludf.DUMMYFUNCTION("IFERROR(REGEXEXTRACT($I17,""LING.*?S\((\d+/\d+)\)""),"""") "),"1/1") -> 1/1 | R17: =IFERROR(__xludf.DUMMYFUNCTION("IFERROR(REGEXEXTRACT($I17,""LING[^|]*C\(([0-9]+/[0-9]+)\)""),"""") "),"1/2") -> 1/2 | S17: =IFERROR(__xludf.DUMMYFUNCTION("AND( VALUE(INDEX(SPLIT(J17,""/""),1))=VALUE(INDEX(SPLIT(J17,""/""),2)), VALUE(INDEX(SPLIT(M17,""/""),1))=VALUE(INDEX(SPLIT(M17,""/""),2)), VALUE(INDEX(SPLIT(P17,""/""),1))=VALUE(INDEX(SPLIT(P17,""/""),2)) ) "),FALSE) -> FALSE | T17: =IFERROR(__xludf.DUMMYFUNCTION(" (VALUE(INDEX(SPLIT(J17,""/""),2))-VALUE(INDEX(SPLIT(J17,""/""),1))) + (VALUE(INDEX(SPLIT(M17,""/""),2))-VALUE(INDEX(SPLIT(M17,""/""),1))) + (VALUE(INDEX(SPLIT(P17,""/""),2))-VALUE(INDEX(SPLIT(P17,""/""),1))) "),5.0) -> 5 | U17: Domain: Web Ecosystem: React Language: JavaScript Match: DOM: M (0/2)[] S (1/1)[web] C (0/1)[] ECO: M (0/1)[] S (1/3)[react] C (0/1)[] LING: M (0/2)[] S (1/1)[javascript] C (0/2)[] Collaboration:: 362-354: UNCOMMON 362-458: UNCOMMON 362-495: UNCOMMON | V17: Domain: Web Ecosystem: Node.js Language: JavaScript Match: DOM: M (0/2)[] S (1/1)[web] C (0/1)[] ECO: M (0/1)[] S (0/3)[] C (0/1)[] LING: M (0/2)[] S (1/1)[javascript] C (0/2)[] Collaboration:: 354-362: UNCOMMON 354-458: UNCOMMON 354-495: UNCOMMON | W17: Domain: Web Ecosystem: Spring Boot Language: Java Match: DOM: M (0/2)[] S (1/1)[web] C (0/1)[] ECO: M (0/1)[] S (0/3)[] C (0/1)[] LING: M (0/2)[] S (0/1)[] C (1/2)[java] Collaboration:: 495-354: UNCOMMON 495-362: UNCOMMON 495-458: UNCOMMON | X17: Domain: Mobile Ecosystem: iOS/iPadOS Language: Swift Match: DOM: M (0/2)[] S (0/1)[] C (0/1)[] ECO: M (0/1)[] S (0/3)[] C (0/1)[] LING: M (0/2)[] S (0/1)[] C (0/2)[] Collaboration:: 458-354: UNCOMMON 458-362: UNCOMMON 458-495: UNCOMMON
C18: P3-TEAM5 | D18: Dev439 | E18: Dev16 | F18: Dev209 | G18: Dev463 | H18: 5 | I18: DOM M(0/2)[] S(1/1)[web] C(0/1)[] | ECO M(0/1)[] S(1/3)[react] C(0/1)[] | LING M(0/2)[] S(1/1)[javascript] C(0/2)[] | J18: =IFERROR(__xludf.DUMMYFUNCTION("IFERROR(REGEXEXTRACT($I18,""DOM\s*M\((\d+/\d+)\)""),"""") "),"0/2") -> 0/2 | K18: =IFERROR(__xludf.DUMMYFUNCTION("IFERROR(REGEXEXTRACT($I18,""DOM.*?S\((\d+/\d+)\)""),"""") "),"1/1") -> 1/1 | L18: =IFERROR(__xludf.DUMMYFUNCTION("IFERROR(REGEXEXTRACT($I18,""DOM.*?C\((\d+/\d+)\)""),"""") "),"0/1") -> 0/1 | M18: =IFERROR(__xludf.DUMMYFUNCTION("IFERROR(REGEXEXTRACT($I18,""ECO\s*M\((\d+/\d+)\)""),"""") "),"0/1") -> 0/1 | N18: =IFERROR(__xludf.DUMMYFUNCTION("IFERROR(REGEXEXTRACT($I18,""ECO.*?S\((\d+/\d+)\)""),"""") "),"1/3") -> 1/3 | O18: =IFERROR(__xludf.DUMMYFUNCTION("IFERROR(REGEXEXTRACT($I18,""ECO.*?C\((\d+/\d+)\)""),"""") "),"0/1") -> 0/1 | P18: =IFERROR(__xludf.DUMMYFUNCTION("IFERROR(REGEXEXTRACT($I18,""LING\s*M\((\d+/\d+)\)""),"""") "),"0/2") -> 0/2 | Q18: =IFERROR(__xludf.DUMMYFUNCTION("IFERROR(REGEXEXTRACT($I18,""LING.*?S\((\d+/\d+)\)""),"""") "),"1/1") -> 1/1 | R18: =IFERROR(__xludf.DUMMYFUNCTION("IFERROR(REGEXEXTRACT($I18,""LING[^|]*C\(([0-9]+/[0-9]+)\)""),"""") "),"0/2") -> 0/2 | S18: =IFERROR(__xludf.DUMMYFUNCTION("AND( VALUE(INDEX(SPLIT(J18,""/""),1))=VALUE(INDEX(SPLIT(J18,""/""),2)), VALUE(INDEX(SPLIT(M18,""/""),1))=VALUE(INDEX(SPLIT(M18,""/""),2)), VALUE(INDEX(SPLIT(P18,""/""),1))=VALUE(INDEX(SPLIT(P18,""/""),2)) ) "),FALSE) -> FALSE | T18: =IFERROR(__xludf.DUMMYFUNCTION(" (VALUE(INDEX(SPLIT(J18,""/""),2))-VALUE(INDEX(SPLIT(J18,""/""),1))) + (VALUE(INDEX(SPLIT(M18,""/""),2))-VALUE(INDEX(SPLIT(M18,""/""),1))) + (VALUE(INDEX(SPLIT(P18,""/""),2))-VALUE(INDEX(SPLIT(P18,""/""),1))) "),5.0) -> 5 | U18: Domain: Web Ecosystem: React Language: JavaScript Match: DOM: M (0/2)[] S (1/1)[web] C (0/1)[] ECO: M (0/1)[] S (1/3)[react] C (0/1)[] LING: M (0/2)[] S (1/1)[javascript] C (0/2)[] Collaboration:: 439-16: UNCOMMON 439-209: UNCOMMON 439-463: UNCOMMON | V18: Domain: nan Ecosystem: iOS/iPadOS Language: nan Match: DOM: M (0/2)[] S (0/1)[] C (0/1)[] ECO: M (0/1)[] S (0/3)[] C (0/1)[] LING: M (0/2)[] S (0/1)[] C (0/2)[] Collaboration:: 16-209: UNCOMMON 16-439: UNCOMMON 16-463: UNCOMMON | W18: Domain: Web Ecosystem: Node.js Language: JavaScript Match: DOM: M (0/2)[] S (1/1)[web] C (0/1)[] ECO: M (0/1)[] S (0/3)[] C (0/1)[] LING: M (0/2)[] S (1/1)[javascript] C (0/2)[] Collaboration:: 209-16: UNCOMMON 209-439: UNCOMMON 209-463: UNCOMMON | X18: Domain: Web Ecosystem: Vue Language: JavaScript Match: DOM: M (0/2)[] S (1/1)[web] C (0/1)[] ECO: M (0/1)[] S (0/3)[] C (0/1)[] LING: M (0/2)[] S (1/1)[javascript] C (0/2)[] Collaboration:: 463-16: UNCOMMON 463-209: UNCOMMON 463-439: UNCOMMON
J19: =IFERROR(__xludf.DUMMYFUNCTION("IFERROR(REGEXEXTRACT($I19,""DOM\s*M\((\d+/\d+)\)""),"""") "),"") | K19: =IFERROR(__xludf.DUMMYFUNCTION("IFERROR(REGEXEXTRACT($I19,""DOM.*?S\((\d+/\d+)\)""),"""") "),"") | L19: =IFERROR(__xludf.DUMMYFUNCTION("IFERROR(REGEXEXTRACT($I19,""DOM.*?C\((\d+/\d+)\)""),"""") "),"") | M19: =IFERROR(__xludf.DUMMYFUNCTION("IFERROR(REGEXEXTRACT($I19,""ECO\s*M\((\d+/\d+)\)""),"""") "),"") | N19: =IFERROR(__xludf.DUMMYFUNCTION("IFERROR(REGEXEXTRACT($I19,""ECO.*?S\((\d+/\d+)\)""),"""") "),"") | O19: =IFERROR(__xludf.DUMMYFUNCTION("IFERROR(REGEXEXTRACT($I19,""ECO.*?C\((\d+/\d+)\)""),"""") "),"") | P19: =IFERROR(__xludf.DUMMYFUNCTION("IFERROR(REGEXEXTRACT($I19,""LING\s*M\((\d+/\d+)\)""),"""") "),"") | Q19: =IFERROR(__xludf.DUMMYFUNCTION("IFERROR(REGEXEXTRACT($I19,""LING.*?S\((\d+/\d+)\)""),"""") "),"") | R19: =IFERROR(__xludf.DUMMYFUNCTION("IFERROR(REGEXEXTRACT($I19,""LING[^|]*C\(([0-9]+/[0-9]+)\)""),"""") "),"")
A20: P4 | B20: =IFERROR(VLOOKUP(A20,Projects!$A$2:$C$7,2,FALSE),"") -> Web Analytic Reports SaaS | C20: P4-TEAM1 | D20: Dev263 | E20: Dev241 | F20: Dev303 | G20: Dev548 | H20: 2 | I20: DOM M(1/1)[web] S(0/1)[] C(1/1)[desktop] | ECO M(0/1)[] S(0/2)[] C(0/1)[] | LING M(1/1)[javascript] S(0/2)[] C(1/2)[c#] | J20: =IFERROR(__xludf.DUMMYFUNCTION("IFERROR(REGEXEXTRACT($I20,""DOM\s*M\((\d+/\d+)\)""),"""") "),"1/1") -> 1/1 | K20: =IFERROR(__xludf.DUMMYFUNCTION("IFERROR(REGEXEXTRACT($I20,""DOM.*?S\((\d+/\d+)\)""),"""") "),"0/1") -> 0/1 | L20: =IFERROR(__xludf.DUMMYFUNCTION("IFERROR(REGEXEXTRACT($I20,""DOM.*?C\((\d+/\d+)\)""),"""") "),"1/1") -> 1/1 | M20: =IFERROR(__xludf.DUMMYFUNCTION("IFERROR(REGEXEXTRACT($I20,""ECO\s*M\((\d+/\d+)\)""),"""") "),"0/1") -> 0/1 | N20: =IFERROR(__xludf.DUMMYFUNCTION("IFERROR(REGEXEXTRACT($I20,""ECO.*?S\((\d+/\d+)\)""),"""") "),"0/2") -> 0/2 | O20: =IFERROR(__xludf.DUMMYFUNCTION("IFERROR(REGEXEXTRACT($I20,""ECO.*?C\((\d+/\d+)\)""),"""") "),"0/1") -> 0/1 | P20: =IFERROR(__xludf.DUMMYFUNCTION("IFERROR(REGEXEXTRACT($I20,""LING\s*M\((\d+/\d+)\)""),"""") "),"1/1") -> 1/1 | Q20: =IFERROR(__xludf.DUMMYFUNCTION("IFERROR(REGEXEXTRACT($I20,""LING.*?S\((\d+/\d+)\)""),"""") "),"0/2") -> 0/2 | R20: =IFERROR(__xludf.DUMMYFUNCTION("IFERROR(REGEXEXTRACT($I20,""LING[^|]*C\(([0-9]+/[0-9]+)\)""),"""") "),"1/2") -> 1/2 | S20: =IFERROR(__xludf.DUMMYFUNCTION("AND( VALUE(INDEX(SPLIT(J20,""/""),1))=VALUE(INDEX(SPLIT(J20,""/""),2)), VALUE(INDEX(SPLIT(M20,""/""),1))=VALUE(INDEX(SPLIT(M20,""/""),2)), VALUE(INDEX(SPLIT(P20,""/""),1))=VALUE(INDEX(SPLIT(P20,""/""),2)) ) "),FALSE) -> FALSE | T20: =IFERROR(__xludf.DUMMYFUNCTION(" (VALUE(INDEX(SPLIT(J20,""/""),2))-VALUE(INDEX(SPLIT(J20,""/""),1))) + (VALUE(INDEX(SPLIT(M20,""/""),2))-VALUE(INDEX(SPLIT(M20,""/""),1))) + (VALUE(INDEX(SPLIT(P20,""/""),2))-VALUE(INDEX(SPLIT(P20,""/""),1))) "),1.0) -> 1 | U20: Domain: Web Ecosystem: Vue Language: JavaScript Match: DOM: M (1/1)[web] S (0/1)[] C (0/1)[] ECO: M (0/1)[] S (0/2)[] C (0/1)[] LING: M (1/1)[javascript] S (0/2)[] C (0/2)[] Collaboration:: 263-241: UNCOMMON 263-303: UNCOMMON 263-548: UNCOMMON | V20: Domain: Web Ecosystem: Node.js Language: JavaScript Match: DOM: M (1/1)[web] S (0/1)[] C (0/1)[] ECO: M (0/1)[] S (0/2)[] C (0/1)[] LING: M (1/1)[javascript] S (0/2)[] C (0/2)[] Collaboration:: 241-263: UNCOMMON 241-303: UNCOMMON 241-548: UNCOMMON | W20: Domain: Desktop Ecosystem: .NET Language: C# Match: DOM: M (0/1)[] S (0/1)[] C (1/1)[desktop] ECO: M (0/1)[] S (0/2)[] C (0/1)[] LING: M (0/1)[] S (0/2)[] C (1/2)[c#] Collaboration:: 303-241: UNCOMMON 303-263: UNCOMMON 303-548: UNCOMMON | X20: Domain: Mobile Ecosystem: iOS/iPadOS Language: Swift Match: DOM: M (0/1)[] S (0/1)[] C (0/1)[] ECO: M (0/1)[] S (0/2)[] C (0/1)[] LING: M (0/1)[] S (0/2)[] C (0/2)[] Collaboration:: 548-241: UNCOMMON 548-263: UNCOMMON 548-303: UNCOMMON
B21: =IFERROR( "DOM M["&VLOOKUP($A20,Projects!$A:$L,4,FALSE)&"] S["&VLOOKUP($A20,Projects!$A:$L,5,FALSE)&"] C["&VLOOKUP($A20,Projects!$A:$L,6,FALSE)&"]"&CHAR(10)& "ECO M["&VLOOKUP($A20,Projects!$A:$L,7,FALSE)&"] S["&VLOOKUP($A20,Projects!$A:$L,8,FALSE)&"] C["&VLOOKUP($A20,Projects!$A:$L,9,FALSE)&"]"&CHAR(10)& "LING M["&VLOOKUP($A20,Projects!$A:$L,10,FALSE)&"] S["&VLOOKUP($A20,Projects!$A:$L,11,FALSE)&"] C["&VLOOKUP($A20,Projects!$A:$L,12,FALSE)&"]" ,"") -> DOM M[Web] S[Cloud] C[Desktop] ECO M[MongoDB] S[Angular, React] C[AWS Lambda] LING M[JavaScript] S[TypeScript, Python] C[Java, C#] | C21: P4-TEAM2 | D21: Dev145 | E21: Dev38 | F21: Dev225 | G21: Dev263 | H21: 3 | I21: DOM M(1/1)[web] S(0/1)[] C(0/1)[] | ECO M(0/1)[] S(1/2)[react] C(0/1)[] | LING M(1/1)[javascript] S(0/2)[] C(0/2)[] | J21: =IFERROR(__xludf.DUMMYFUNCTION("IFERROR(REGEXEXTRACT($I21,""DOM\s*M\((\d+/\d+)\)""),"""") "),"1/1") -> 1/1 | K21: =IFERROR(__xludf.DUMMYFUNCTION("IFERROR(REGEXEXTRACT($I21,""DOM.*?S\((\d+/\d+)\)""),"""") "),"0/1") -> 0/1 | L21: =IFERROR(__xludf.DUMMYFUNCTION("IFERROR(REGEXEXTRACT($I21,""DOM.*?C\((\d+/\d+)\)""),"""") "),"0/1") -> 0/1 | M21: =IFERROR(__xludf.DUMMYFUNCTION("IFERROR(REGEXEXTRACT($I21,""ECO\s*M\((\d+/\d+)\)""),"""") "),"0/1") -> 0/1 | N21: =IFERROR(__xludf.DUMMYFUNCTION("IFERROR(REGEXEXTRACT($I21,""ECO.*?S\((\d+/\d+)\)""),"""") "),"1/2") -> 1/2 | O21: =IFERROR(__xludf.DUMMYFUNCTION("IFERROR(REGEXEXTRACT($I21,""ECO.*?C\((\d+/\d+)\)""),"""") "),"0/1") -> 0/1 | P21: =IFERROR(__xludf.DUMMYFUNCTION("IFERROR(REGEXEXTRACT($I21,""LING\s*M\((\d+/\d+)\)""),"""") "),"1/1") -> 1/1 | Q21: =IFERROR(__xludf.DUMMYFUNCTION("IFERROR(REGEXEXTRACT($I21,""LING.*?S\((\d+/\d+)\)""),"""") "),"0/2") -> 0/2 | R21: =IFERROR(__xludf.DUMMYFUNCTION("IFERROR(REGEXEXTRACT($I21,""LING[^|]*C\(([0-9]+/[0-9]+)\)""),"""") "),"0/2") -> 0/2 | S21: =IFERROR(__xludf.DUMMYFUNCTION("AND( VALUE(INDEX(SPLIT(J21,""/""),1))=VALUE(INDEX(SPLIT(J21,""/""),2)), VALUE(INDEX(SPLIT(M21,""/""),1))=VALUE(INDEX(SPLIT(M21,""/""),2)), VALUE(INDEX(SPLIT(P21,""/""),1))=VALUE(INDEX(SPLIT(P21,""/""),2)) ) "),FALSE) -> FALSE | T21: =IFERROR(__xludf.DUMMYFUNCTION(" (VALUE(INDEX(SPLIT(J21,""/""),2))-VALUE(INDEX(SPLIT(J21,""/""),1))) + (VALUE(INDEX(SPLIT(M21,""/""),2))-VALUE(INDEX(SPLIT(M21,""/""),1))) + (VALUE(INDEX(SPLIT(P21,""/""),2))-VALUE(INDEX(SPLIT(P21,""/""),1))) "),1.0) -> 1 | U21: Domain: IoT, Web Ecosystem: iOS/iPadOS Language: JSON, JavaScript Match: DOM: M (1/1)[web] S (0/1)[] C (0/1)[] ECO: M (0/1)[] S (0/2)[] C (0/1)[] LING: M (1/1)[javascript] S (0/2)[] C (0/2)[] Collaboration:: 145-38: UNCOMMON 145-225: UNCOMMON 145-263: P179(,osf=0.489,slf=0.711); P201(,osf=0.535,slf=0.596) | V21: Domain: Web Ecosystem: iOS/iPadOS Language: nan Match: DOM: M (1/1)[web] S (0/1)[] C (0/1)[] ECO: M (0/1)[] S (0/2)[] C (0/1)[] LING: M (0/1)[] S (0/2)[] C (0/2)[] Collaboration:: 38-145: UNCOMMON 38-225: P82(,osf=0.567,slf=0.737) 38-263: UNCOMMON | W21: Domain: Web Ecosystem: React Language: JavaScript Match: DOM: M (1/1)[web] S (0/1)[] C (0/1)[] ECO: M (0/1)[] S (1/2)[react] C (0/1)[] LING: M (1/1)[javascript] S (0/2)[] C (0/2)[] Collaboration:: 225-38: P82(,osf=0.567,slf=0.737) 225-145: UNCOMMON 225-263: UNCOMMON | X21: Domain: Web Ecosystem: Vue Language: JavaScript Match: DOM: M (1/1)[web] S (0/1)[] C (0/1)[] ECO: M (0/1)[] S (0/2)[] C (0/1)[] LING: M (1/1)[javascript] S (0/2)[] C (0/2)[] Collaboration:: 263-38: UNCOMMON 263-145: UNCOMMON 263-225: UNCOMMON
C22: P4-TEAM3 | D22: Dev193 | E22: Dev194 | F22: Dev7 | G22: Dev154 | H22: 1 | I22: DOM M(1/1)[web] S(1/1)[cloud] C(0/1)[] | ECO M(0/1)[] S(1/2)[react] C(1/1)[aws lambda] | LING M(1/1)[javascript] S(1/2)[python] C(1/2)[java] | J22: =IFERROR(__xludf.DUMMYFUNCTION("IFERROR(REGEXEXTRACT($I22,""DOM\s*M\((\d+/\d+)\)""),"""") "),"1/1") -> 1/1 | K22: =IFERROR(__xludf.DUMMYFUNCTION("IFERROR(REGEXEXTRACT($I22,""DOM.*?S\((\d+/\d+)\)""),"""") "),"1/1") -> 1/1 | L22: =IFERROR(__xludf.DUMMYFUNCTION("IFERROR(REGEXEXTRACT($I22,""DOM.*?C\((\d+/\d+)\)""),"""") "),"0/1") -> 0/1 | M22: =IFERROR(__xludf.DUMMYFUNCTION("IFERROR(REGEXEXTRACT($I22,""ECO\s*M\((\d+/\d+)\)""),"""") "),"0/1") -> 0/1 | N22: =IFERROR(__xludf.DUMMYFUNCTION("IFERROR(REGEXEXTRACT($I22,""ECO.*?S\((\d+/\d+)\)""),"""") "),"1/2") -> 1/2 | O22: =IFERROR(__xludf.DUMMYFUNCTION("IFERROR(REGEXEXTRACT($I22,""ECO.*?C\((\d+/\d+)\)""),"""") "),"1/1") -> 1/1 | P22: =IFERROR(__xludf.DUMMYFUNCTION("IFERROR(REGEXEXTRACT($I22,""LING\s*M\((\d+/\d+)\)""),"""") "),"1/1") -> 1/1 | Q22: =IFERROR(__xludf.DUMMYFUNCTION("IFERROR(REGEXEXTRACT($I22,""LING.*?S\((\d+/\d+)\)""),"""") "),"1/2") -> 1/2 | R22: =IFERROR(__xludf.DUMMYFUNCTION("IFERROR(REGEXEXTRACT($I22,""LING[^|]*C\(([0-9]+/[0-9]+)\)""),"""") "),"1/2") -> 1/2 | S22: =IFERROR(__xludf.DUMMYFUNCTION("AND( VALUE(INDEX(SPLIT(J22,""/""),1))=VALUE(INDEX(SPLIT(J22,""/""),2)), VALUE(INDEX(SPLIT(M22,""/""),1))=VALUE(INDEX(SPLIT(M22,""/""),2)), VALUE(INDEX(SPLIT(P22,""/""),1))=VALUE(INDEX(SPLIT(P22,""/""),2)) ) "),FALSE) -> FALSE | T22: =IFERROR(__xludf.DUMMYFUNCTION(" (VALUE(INDEX(SPLIT(J22,""/""),2))-VALUE(INDEX(SPLIT(J22,""/""),1))) + (VALUE(INDEX(SPLIT(M22,""/""),2))-VALUE(INDEX(SPLIT(M22,""/""),1))) + (VALUE(INDEX(SPLIT(P22,""/""),2))-VALUE(INDEX(SPLIT(P22,""/""),1))) "),1.0) -> 1 | U22: Domain: Web Ecosystem: Spring Boot Language: Java Match: DOM: M (1/1)[web] S (0/1)[] C (0/1)[] ECO: M (0/1)[] S (0/2)[] C (0/1)[] LING: M (0/1)[] S (0/2)[] C (1/2)[java] Collaboration:: 193-7: P82(,osf=0.567,slf=0.737); P85(,osf=0.784,slf=0.538) | 193-119: P82(,osf=0.567,slf=0.737) | 193-194: P82(,osf=0.567,slf=0.737); P85(,osf=0.784,slf=0.538) | 193-399: P82(,osf=0.567,slf=0.737); P85(,osf=0.784,slf=0.538) 193-154: UNCOMMON 193-194: UNCOMMON | V22: Domain: Mobile Ecosystem: Android Language: Kotlin Match: DOM: M (0/1)[] S (0/1)[] C (0/1)[] ECO: M (0/1)[] S (0/2)[] C (0/1)[] LING: M (0/1)[] S (0/2)[] C (0/2)[] Collaboration:: 194-7: P40(,osf=0.733,slf=0.373); P82(,osf=0.567,slf=0.737); P85(,osf=0.784,slf=0.538) | 194-193: P82(,osf=0.567,slf=0.737); P85(,osf=0.784,slf=0.538) 194-154: UNCOMMON 194-193: UNCOMMON | W22: Domain: Web Ecosystem: React Language: JavaScript Match: DOM: M (1/1)[web] S (0/1)[] C (0/1)[] ECO: M (0/1)[] S (1/2)[react] C (0/1)[] LING: M (1/1)[javascript] S (0/2)[] C (0/2)[] Collaboration:: 7-154: UNCOMMON 7-193: P82(,osf=0.567,slf=0.737); P85(,osf=0.784,slf=0.538) | 7-194: P40(,osf=0.733,slf=0.373); P82(,osf=0.567,slf=0.737); P85(,osf=0.784,slf=0.538) 7-194: UNCOMMON | X22: Domain: Cloud Ecosystem: AWS Lambda Language: Python Match: DOM: M (0/1)[] S (1/1)[cloud] C (0/1)[] ECO: M (0/1)[] S (0/2)[] C (1/1)[aws lambda] LING: M (0/1)[] S (1/2)[python] C (0/2)[] Collaboration:: 154-7: UNCOMMON 154-193: UNCOMMON 154-194: UNCOMMON
C23: P4-TEAM4 | D23: Dev438 | E23: Dev270 | F23: Dev104 | G23: Dev293 | H23: 3 | I23: DOM M(1/1)[web] S(1/1)[cloud] C(0/1)[] | ECO M(0/1)[] S(1/2)[angular] C(1/1)[aws lambda] | LING M(0/1)[] S(2/2)[typescript, python] C(0/2)[] | J23: =IFERROR(__xludf.DUMMYFUNCTION("IFERROR(REGEXEXTRACT($I23,""DOM\s*M\((\d+/\d+)\)""),"""") "),"1/1") -> 1/1 | K23: =IFERROR(__xludf.DUMMYFUNCTION("IFERROR(REGEXEXTRACT($I23,""DOM.*?S\((\d+/\d+)\)""),"""") "),"1/1") -> 1/1 | L23: =IFERROR(__xludf.DUMMYFUNCTION("IFERROR(REGEXEXTRACT($I23,""DOM.*?C\((\d+/\d+)\)""),"""") "),"0/1") -> 0/1 | M23: =IFERROR(__xludf.DUMMYFUNCTION("IFERROR(REGEXEXTRACT($I23,""ECO\s*M\((\d+/\d+)\)""),"""") "),"0/1") -> 0/1 | N23: =IFERROR(__xludf.DUMMYFUNCTION("IFERROR(REGEXEXTRACT($I23,""ECO.*?S\((\d+/\d+)\)""),"""") "),"1/2") -> 1/2 | O23: =IFERROR(__xludf.DUMMYFUNCTION("IFERROR(REGEXEXTRACT($I23,""ECO.*?C\((\d+/\d+)\)""),"""") "),"1/1") -> 1/1 | P23: =IFERROR(__xludf.DUMMYFUNCTION("IFERROR(REGEXEXTRACT($I23,""LING\s*M\((\d+/\d+)\)""),"""") "),"0/1") -> 0/1 | Q23: =IFERROR(__xludf.DUMMYFUNCTION("IFERROR(REGEXEXTRACT($I23,""LING.*?S\((\d+/\d+)\)""),"""") "),"2/2") -> 2/2 | R23: =IFERROR(__xludf.DUMMYFUNCTION("IFERROR(REGEXEXTRACT($I23,""LING[^|]*C\(([0-9]+/[0-9]+)\)""),"""") "),"0/2") -> 0/2 | S23: =IFERROR(__xludf.DUMMYFUNCTION("AND( VALUE(INDEX(SPLIT(J23,""/""),1))=VALUE(INDEX(SPLIT(J23,""/""),2)), VALUE(INDEX(SPLIT(M23,""/""),1))=VALUE(INDEX(SPLIT(M23,""/""),2)), VALUE(INDEX(SPLIT(P23,""/""),1))=VALUE(INDEX(SPLIT(P23,""/""),2)) ) "),FALSE) -> FALSE | T23: =IFERROR(__xludf.DUMMYFUNCTION(" (VALUE(INDEX(SPLIT(J23,""/""),2))-VALUE(INDEX(SPLIT(J23,""/""),1))) + (VALUE(INDEX(SPLIT(M23,""/""),2))-VALUE(INDEX(SPLIT(M23,""/""),1))) + (VALUE(INDEX(SPLIT(P23,""/""),2))-VALUE(INDEX(SPLIT(P23,""/""),1))) "),2.0) -> 2 | U23: Domain: Cloud Ecosystem: AWS Lambda Language: Python Match: DOM: M (0/1)[] S (1/1)[cloud] C (0/1)[] ECO: M (0/1)[] S (0/2)[] C (1/1)[aws lambda] LING: M (0/1)[] S (1/2)[python] C (0/2)[] Collaboration:: 438-104: UNCOMMON 438-270: P82(,osf=0.567,slf=0.737) | 438-293: P124(,osf=0.678,slf=0.507); P152(,osf=0.337,slf=0.880) | 438-558: P85(,osf=0.784,slf=0.538) 438-293: UNCOMMON | V23: Domain: Web Ecosystem: Angular Language: TypeScript Match: DOM: M (1/1)[web] S (0/1)[] C (0/1)[] ECO: M (0/1)[] S (1/2)[angular] C (0/1)[] LING: M (0/1)[] S (1/2)[typescript] C (0/2)[] Collaboration:: 270-104: UNCOMMON 270-293: UNCOMMON 270-438: UNCOMMON | W23: Domain: Mobile Ecosystem: Android Language: Kotlin Match: DOM: M (0/1)[] S (0/1)[] C (0/1)[] ECO: M (0/1)[] S (0/2)[] C (0/1)[] LING: M (0/1)[] S (0/2)[] C (0/2)[] Collaboration:: 104-270: UNCOMMON 104-293: UNCOMMON 104-438: UNCOMMON | X23: Domain: Web Ecosystem: Angular Language: TypeScript Match: DOM: M (1/1)[web] S (0/1)[] C (0/1)[] ECO: M (0/1)[] S (1/2)[angular] C (0/1)[] LING: M (0/1)[] S (1/2)[typescript] C (0/2)[] Collaboration:: 293-104: UNCOMMON 293-270: UNCOMMON 293-438: P124(,osf=0.678,slf=0.507); P152(,osf=0.337,slf=0.880)
C24: P4-TEAM5 | D24: Dev198 | E24: Dev415 | F24: Dev62 | G24: Dev559 | H24: 4 | I24: DOM M(1/1)[web] S(0/1)[] C(0/1)[] | ECO M(1/1)[mongodb] S(0/2)[] C(0/1)[] | LING M(1/1)[javascript] S(0/2)[] C(0/2)[] | J24: =IFERROR(__xludf.DUMMYFUNCTION("IFERROR(REGEXEXTRACT($I24,""DOM\s*M\((\d+/\d+)\)""),"""") "),"1/1") -> 1/1 | K24: =IFERROR(__xludf.DUMMYFUNCTION("IFERROR(REGEXEXTRACT($I24,""DOM.*?S\((\d+/\d+)\)""),"""") "),"0/1") -> 0/1 | L24: =IFERROR(__xludf.DUMMYFUNCTION("IFERROR(REGEXEXTRACT($I24,""DOM.*?C\((\d+/\d+)\)""),"""") "),"0/1") -> 0/1 | M24: =IFERROR(__xludf.DUMMYFUNCTION("IFERROR(REGEXEXTRACT($I24,""ECO\s*M\((\d+/\d+)\)""),"""") "),"1/1") -> 1/1 | N24: =IFERROR(__xludf.DUMMYFUNCTION("IFERROR(REGEXEXTRACT($I24,""ECO.*?S\((\d+/\d+)\)""),"""") "),"0/2") -> 0/2 | O24: =IFERROR(__xludf.DUMMYFUNCTION("IFERROR(REGEXEXTRACT($I24,""ECO.*?C\((\d+/\d+)\)""),"""") "),"0/1") -> 0/1 | P24: =IFERROR(__xludf.DUMMYFUNCTION("IFERROR(REGEXEXTRACT($I24,""LING\s*M\((\d+/\d+)\)""),"""") "),"1/1") -> 1/1 | Q24: =IFERROR(__xludf.DUMMYFUNCTION("IFERROR(REGEXEXTRACT($I24,""LING.*?S\((\d+/\d+)\)""),"""") "),"0/2") -> 0/2 | R24: =IFERROR(__xludf.DUMMYFUNCTION("IFERROR(REGEXEXTRACT($I24,""LING[^|]*C\(([0-9]+/[0-9]+)\)""),"""") "),"0/2") -> 0/2 | S24: =IFERROR(__xludf.DUMMYFUNCTION("AND( VALUE(INDEX(SPLIT(J24,""/""),1))=VALUE(INDEX(SPLIT(J24,""/""),2)), VALUE(INDEX(SPLIT(M24,""/""),1))=VALUE(INDEX(SPLIT(M24,""/""),2)), VALUE(INDEX(SPLIT(P24,""/""),1))=VALUE(INDEX(SPLIT(P24,""/""),2)) ) "),TRUE) -> TRUE | T24: =IFERROR(__xludf.DUMMYFUNCTION(" (VALUE(INDEX(SPLIT(J24,""/""),2))-VALUE(INDEX(SPLIT(J24,""/""),1))) + (VALUE(INDEX(SPLIT(M24,""/""),2))-VALUE(INDEX(SPLIT(M24,""/""),1))) + (VALUE(INDEX(SPLIT(P24,""/""),2))-VALUE(INDEX(SPLIT(P24,""/""),1))) "),0.0) -> 0 | U24: Domain: Web Ecosystem: Vue Language: JavaScript Match: DOM: M (1/1)[web] S (0/1)[] C (0/1)[] ECO: M (0/1)[] S (0/2)[] C (0/1)[] LING: M (1/1)[javascript] S (0/2)[] C (0/2)[] Collaboration:: 198-62: UNCOMMON 198-415: P82(,osf=0.567,slf=0.737) 198-559: UNCOMMON | V24: Domain: Web Ecosystem: Vue Language: JavaScript Match: DOM: M (1/1)[web] S (0/1)[] C (0/1)[] ECO: M (0/1)[] S (0/2)[] C (0/1)[] LING: M (1/1)[javascript] S (0/2)[] C (0/2)[] Collaboration:: 415-62: P85(,osf=0.784,slf=0.538) | 415-198: P82(,osf=0.567,slf=0.737) 415-198: UNCOMMON 415-559: UNCOMMON | W24: Domain: nan Ecosystem: MongoDB, iOS/iPadOS Language: nan Match: DOM: M (0/1)[] S (0/1)[] C (0/1)[] ECO: M (1/1)[mongodb] S (0/2)[] C (0/1)[] LING: M (0/1)[] S (0/2)[] C (0/2)[] Collaboration:: 62-198: UNCOMMON 62-415: P85(,osf=0.784,slf=0.538) 62-559: UNCOMMON | X24: Domain: Mobile Ecosystem: Android Language: Kotlin Match: DOM: M (0/1)[] S (0/1)[] C (0/1)[] ECO: M (0/1)[] S (0/2)[] C (0/1)[] LING: M (0/1)[] S (0/2)[] C (0/2)[] Collaboration:: 559-62: UNCOMMON 559-198: UNCOMMON 559-415: UNCOMMON
J25: =IFERROR(__xludf.DUMMYFUNCTION("IFERROR(REGEXEXTRACT($I25,""DOM\s*M\((\d+/\d+)\)""),"""") "),"") | K25: =IFERROR(__xludf.DUMMYFUNCTION("IFERROR(REGEXEXTRACT($I25,""DOM.*?S\((\d+/\d+)\)""),"""") "),"") | L25: =IFERROR(__xludf.DUMMYFUNCTION("IFERROR(REGEXEXTRACT($I25,""DOM.*?C\((\d+/\d+)\)""),"""") "),"") | M25: =IFERROR(__xludf.DUMMYFUNCTION("IFERROR(REGEXEXTRACT($I25,""ECO\s*M\((\d+/\d+)\)""),"""") "),"") | N25: =IFERROR(__xludf.DUMMYFUNCTION("IFERROR(REGEXEXTRACT($I25,""ECO.*?S\((\d+/\d+)\)""),"""") "),"") | O25: =IFERROR(__xludf.DUMMYFUNCTION("IFERROR(REGEXEXTRACT($I25,""ECO.*?C\((\d+/\d+)\)""),"""") "),"") | P25: =IFERROR(__xludf.DUMMYFUNCTION("IFERROR(REGEXEXTRACT($I25,""LING\s*M\((\d+/\d+)\)""),"""") "),"") | Q25: =IFERROR(__xludf.DUMMYFUNCTION("IFERROR(REGEXEXTRACT($I25,""LING.*?S\((\d+/\d+)\)""),"""") "),"") | R25: =IFERROR(__xludf.DUMMYFUNCTION("IFERROR(REGEXEXTRACT($I25,""LING[^|]*C\(([0-9]+/[0-9]+)\)""),"""") "),"")
A26: P5 | B26: =IFERROR(VLOOKUP(A26,Projects!$A$2:$C$7,2,FALSE),"") -> Critical Web + Cloud Platform | C26: P5-TEAM1 | D26: Dev174 | E26: Dev265 | F26: Dev524 | G26: Dev169 | H26: 5 | I26: DOM M(1/2)[web] S(0/1)[] C(1/1)[desktop] | ECO M(1/3)[react] S(1/1)[.net] C(0/1)[] | LING M(1/3)[javascript] S(2/2)[c#, java] C(0/2)[] | J26: =IFERROR(__xludf.DUMMYFUNCTION("IFERROR(REGEXEXTRACT($I26,""DOM\s*M\((\d+/\d+)\)""),"""") "),"1/2") -> 1/2 | K26: =IFERROR(__xludf.DUMMYFUNCTION("IFERROR(REGEXEXTRACT($I26,""DOM.*?S\((\d+/\d+)\)""),"""") "),"0/1") -> 0/1 | L26: =IFERROR(__xludf.DUMMYFUNCTION("IFERROR(REGEXEXTRACT($I26,""DOM.*?C\((\d+/\d+)\)""),"""") "),"1/1") -> 1/1 | M26: =IFERROR(__xludf.DUMMYFUNCTION("IFERROR(REGEXEXTRACT($I26,""ECO\s*M\((\d+/\d+)\)""),"""") "),"1/3") -> 1/3 | N26: =IFERROR(__xludf.DUMMYFUNCTION("IFERROR(REGEXEXTRACT($I26,""ECO.*?S\((\d+/\d+)\)""),"""") "),"1/1") -> 1/1 | O26: =IFERROR(__xludf.DUMMYFUNCTION("IFERROR(REGEXEXTRACT($I26,""ECO.*?C\((\d+/\d+)\)""),"""") "),"0/1") -> 0/1 | P26: =IFERROR(__xludf.DUMMYFUNCTION("IFERROR(REGEXEXTRACT($I26,""LING\s*M\((\d+/\d+)\)""),"""") "),"1/3") -> 1/3 | Q26: =IFERROR(__xludf.DUMMYFUNCTION("IFERROR(REGEXEXTRACT($I26,""LING.*?S\((\d+/\d+)\)""),"""") "),"2/2") -> 2/2 | R26: =IFERROR(__xludf.DUMMYFUNCTION("IFERROR(REGEXEXTRACT($I26,""LING[^|]*C\(([0-9]+/[0-9]+)\)""),"""") "),"0/2") -> 0/2 | S26: =IFERROR(__xludf.DUMMYFUNCTION("AND( VALUE(INDEX(SPLIT(J26,""/""),1))=VALUE(INDEX(SPLIT(J26,""/""),2)), VALUE(INDEX(SPLIT(M26,""/""),1))=VALUE(INDEX(SPLIT(M26,""/""),2)), VALUE(INDEX(SPLIT(P26,""/""),1))=VALUE(INDEX(SPLIT(P26,""/""),2)) ) "),FALSE) -> FALSE | T26: =IFERROR(__xludf.DUMMYFUNCTION(" (VALUE(INDEX(SPLIT(J26,""/""),2))-VALUE(INDEX(SPLIT(J26,""/""),1))) + (VALUE(INDEX(SPLIT(M26,""/""),2))-VALUE(INDEX(SPLIT(M26,""/""),1))) + (VALUE(INDEX(SPLIT(P26,""/""),2))-VALUE(INDEX(SPLIT(P26,""/""),1))) "),5.0) -> 5 | U26: Domain: Web Ecosystem: Vue Language: JavaScript Match: DOM: M (1/2)[web] S (0/1)[] C (0/1)[] ECO: M (0/3)[] S (0/1)[] C (0/1)[] LING: M (1/3)[javascript] S (0/2)[] C (0/2)[] Collaboration:: 174-169: UNCOMMON 174-265: UNCOMMON 174-524: UNCOMMON | V26: Domain: Web Ecosystem: Spring Boot Language: Java Match: DOM: M (1/2)[web] S (0/1)[] C (0/1)[] ECO: M (0/3)[] S (0/1)[] C (0/1)[] LING: M (0/3)[] S (1/2)[java] C (0/2)[] Collaboration:: 265-169: UNCOMMON 265-174: UNCOMMON 265-524: UNCOMMON | W26: Domain: Desktop Ecosystem: .NET Language: C# Match: DOM: M (0/2)[] S (0/1)[] C (1/1)[desktop] ECO: M (0/3)[] S (1/1)[.net] C (0/1)[] LING: M (0/3)[] S (1/2)[c#] C (0/2)[] Collaboration:: 524-169: UNCOMMON 524-174: UNCOMMON 524-265: UNCOMMON | X26: Domain: Web Ecosystem: React Language: JavaScript Match: DOM: M (1/2)[web] S (0/1)[] C (0/1)[] ECO: M (1/3)[react] S (0/1)[] C (0/1)[] LING: M (1/3)[javascript] S (0/2)[] C (0/2)[] Collaboration:: 169-174: UNCOMMON 169-265: UNCOMMON 169-524: UNCOMMON
B27: DOM M[Web, Cloud] S[Mobile] C[Desktop] ECO M[React, AWS Lambda, MongoDB] S[.NET] C[Android] LING M[JavaScript, TypeScript, Python] S[C#, Java] C[Kotlin, Swift] | C27: P5-TEAM2 | D27: Dev438 | E27: Dev558 | F27: Dev461 | G27: Dev297 | H27: 2 | I27: DOM M(2/2)[web, cloud] S(1/1)[mobile] C(0/1)[] | ECO M(2/3)[react, aws lambda] S(0/1)[] C(1/1)[android] | LING M(2/3)[javascript, python] S(0/2)[] C(1/2)[kotlin] | J27: =IFERROR(__xludf.DUMMYFUNCTION("IFERROR(REGEXEXTRACT($I27,""DOM\s*M\((\d+/\d+)\)""),"""") "),"2/2") -> 2/2 | K27: =IFERROR(__xludf.DUMMYFUNCTION("IFERROR(REGEXEXTRACT($I27,""DOM.*?S\((\d+/\d+)\)""),"""") "),"1/1") -> 1/1 | L27: =IFERROR(__xludf.DUMMYFUNCTION("IFERROR(REGEXEXTRACT($I27,""DOM.*?C\((\d+/\d+)\)""),"""") "),"0/1") -> 0/1 | M27: =IFERROR(__xludf.DUMMYFUNCTION("IFERROR(REGEXEXTRACT($I27,""ECO\s*M\((\d+/\d+)\)""),"""") "),"2/3") -> 2/3 | N27: =IFERROR(__xludf.DUMMYFUNCTION("IFERROR(REGEXEXTRACT($I27,""ECO.*?S\((\d+/\d+)\)""),"""") "),"0/1") -> 0/1 | O27: =IFERROR(__xludf.DUMMYFUNCTION("IFERROR(REGEXEXTRACT($I27,""ECO.*?C\((\d+/\d+)\)""),"""") "),"1/1") -> 1/1 | P27: =IFERROR(__xludf.DUMMYFUNCTION("IFERROR(REGEXEXTRACT($I27,""LING\s*M\((\d+/\d+)\)""),"""") "),"2/3") -> 2/3 | Q27: =IFERROR(__xludf.DUMMYFUNCTION("IFERROR(REGEXEXTRACT($I27,""LING.*?S\((\d+/\d+)\)""),"""") "),"0/2") -> 0/2 | R27: =IFERROR(__xludf.DUMMYFUNCTION("IFERROR(REGEXEXTRACT($I27,""LING[^|]*C\(([0-9]+/[0-9]+)\)""),"""") "),"1/2") -> 1/2 | S27: =IFERROR(__xludf.DUMMYFUNCTION("AND( VALUE(INDEX(SPLIT(J27,""/""),1))=VALUE(INDEX(SPLIT(J27,""/""),2)), VALUE(INDEX(SPLIT(M27,""/""),1))=VALUE(INDEX(SPLIT(M27,""/""),2)), VALUE(INDEX(SPLIT(P27,""/""),1))=VALUE(INDEX(SPLIT(P27,""/""),2)) ) "),FALSE) -> FALSE | T27: =IFERROR(__xludf.DUMMYFUNCTION(" (VALUE(INDEX(SPLIT(J27,""/""),2))-VALUE(INDEX(SPLIT(J27,""/""),1))) + (VALUE(INDEX(SPLIT(M27,""/""),2))-VALUE(INDEX(SPLIT(M27,""/""),1))) + (VALUE(INDEX(SPLIT(P27,""/""),2))-VALUE(INDEX(SPLIT(P27,""/""),1))) "),2.0) -> 2 | U27: Domain: Cloud Ecosystem: AWS Lambda Language: Python Match: DOM: M (1/2)[cloud] S (0/1)[] C (0/1)[] ECO: M (1/3)[aws lambda] S (0/1)[] C (0/1)[] LING: M (1/3)[python] S (0/2)[] C (0/2)[] Collaboration:: 438-297: UNCOMMON 438-461: UNCOMMON 438-558: UNCOMMON | V27: Domain: Mobile Ecosystem: Android Language: Kotlin Match: DOM: M (0/2)[] S (1/1)[mobile] C (0/1)[] ECO: M (0/3)[] S (0/1)[] C (1/1)[android] LING: M (0/3)[] S (0/2)[] C (1/2)[kotlin] Collaboration:: 558-297: UNCOMMON 558-438: P85(,osf=0.784,slf=0.538) | 558-461: P183(,osf=0.476,slf=0.842); P184(,osf=0.615,slf=0.450); P188(,osf=0.655,slf=0.631); P219(,osf=0.351,slf=0.534); P269(,osf=0.400,slf=0.408); P274(,osf=0.411,slf=0.591) 558-461: UNCOMMON | W27: Domain: Web Ecosystem: React Language: JavaScript Match: DOM: M (1/2)[web] S (0/1)[] C (0/1)[] ECO: M (1/3)[react] S (0/1)[] C (0/1)[] LING: M (1/3)[javascript] S (0/2)[] C (0/2)[] Collaboration:: 461-297: UNCOMMON 461-438: UNCOMMON 461-558: P183(,osf=0.476,slf=0.842); P184(,osf=0.615,slf=0.450); P188(,osf=0.655,slf=0.631); P219(,osf=0.351,slf=0.534); P269(,osf=0.400,slf=0.408); P274(,osf=0.411,slf=0.591) | X27: Domain: Web Ecosystem: Node.js Language: JavaScript Match: DOM: M (1/2)[web] S (0/1)[] C (0/1)[] ECO: M (0/3)[] S (0/1)[] C (0/1)[] LING: M (1/3)[javascript] S (0/2)[] C (0/2)[] Collaboration:: 297-438: UNCOMMON 297-461: UNCOMMON 297-558: UNCOMMON
C28: P5-TEAM3 | D28: Dev324 | E28: Dev439 | F28: Dev370 | G28: Dev250 | H28: 3 | I28: DOM M(2/2)[web, cloud] S(1/1)[mobile] C(0/1)[] | ECO M(2/3)[react, aws lambda] S(0/1)[] C(1/1)[android] | LING M(2/3)[javascript, python] S(0/2)[] C(2/2)[kotlin, swift] | J28: =IFERROR(__xludf.DUMMYFUNCTION("IFERROR(REGEXEXTRACT($I28,""DOM\s*M\((\d+/\d+)\)""),"""") "),"2/2") -> 2/2 | K28: =IFERROR(__xludf.DUMMYFUNCTION("IFERROR(REGEXEXTRACT($I28,""DOM.*?S\((\d+/\d+)\)""),"""") "),"1/1") -> 1/1 | L28: =IFERROR(__xludf.DUMMYFUNCTION("IFERROR(REGEXEXTRACT($I28,""DOM.*?C\((\d+/\d+)\)""),"""") "),"0/1") -> 0/1 | M28: =IFERROR(__xludf.DUMMYFUNCTION("IFERROR(REGEXEXTRACT($I28,""ECO\s*M\((\d+/\d+)\)""),"""") "),"2/3") -> 2/3 | N28: =IFERROR(__xludf.DUMMYFUNCTION("IFERROR(REGEXEXTRACT($I28,""ECO.*?S\((\d+/\d+)\)""),"""") "),"0/1") -> 0/1 | O28: =IFERROR(__xludf.DUMMYFUNCTION("IFERROR(REGEXEXTRACT($I28,""ECO.*?C\((\d+/\d+)\)""),"""") "),"1/1") -> 1/1 | P28: =IFERROR(__xludf.DUMMYFUNCTION("IFERROR(REGEXEXTRACT($I28,""LING\s*M\((\d+/\d+)\)""),"""") "),"2/3") -> 2/3 | Q28: =IFERROR(__xludf.DUMMYFUNCTION("IFERROR(REGEXEXTRACT($I28,""LING.*?S\((\d+/\d+)\)""),"""") "),"0/2") -> 0/2 | R28: =IFERROR(__xludf.DUMMYFUNCTION("IFERROR(REGEXEXTRACT($I28,""LING[^|]*C\(([0-9]+/[0-9]+)\)""),"""") "),"2/2") -> 2/2 | S28: =IFERROR(__xludf.DUMMYFUNCTION("AND( VALUE(INDEX(SPLIT(J28,""/""),1))=VALUE(INDEX(SPLIT(J28,""/""),2)), VALUE(INDEX(SPLIT(M28,""/""),1))=VALUE(INDEX(SPLIT(M28,""/""),2)), VALUE(INDEX(SPLIT(P28,""/""),1))=VALUE(INDEX(SPLIT(P28,""/""),2)) ) "),FALSE) -> FALSE | T28: =IFERROR(__xludf.DUMMYFUNCTION(" (VALUE(INDEX(SPLIT(J28,""/""),2))-VALUE(INDEX(SPLIT(J28,""/""),1))) + (VALUE(INDEX(SPLIT(M28,""/""),2))-VALUE(INDEX(SPLIT(M28,""/""),1))) + (VALUE(INDEX(SPLIT(P28,""/""),2))-VALUE(INDEX(SPLIT(P28,""/""),1))) "),2.0) -> 2 | U28: Domain: Mobile Ecosystem: Android Language: Kotlin Match: DOM: M (0/2)[] S (1/1)[mobile] C (0/1)[] ECO: M (0/3)[] S (0/1)[] C (1/1)[android] LING: M (0/3)[] S (0/2)[] C (1/2)[kotlin] Collaboration:: 324-250: UNCOMMON 324-370: UNCOMMON 324-439: UNCOMMON | V28: Domain: Web Ecosystem: React Language: JavaScript Match: DOM: M (1/2)[web] S (0/1)[] C (0/1)[] ECO: M (1/3)[react] S (0/1)[] C (0/1)[] LING: M (1/3)[javascript] S (0/2)[] C (0/2)[] Collaboration:: 439-250: UNCOMMON 439-324: UNCOMMON 439-370: UNCOMMON | W28: Domain: Mobile Ecosystem: iOS/iPadOS Language: Swift Match: DOM: M (0/2)[] S (1/1)[mobile] C (0/1)[] ECO: M (0/3)[] S (0/1)[] C (0/1)[] LING: M (0/3)[] S (0/2)[] C (1/2)[swift] Collaboration:: 370-250: UNCOMMON 370-324: UNCOMMON 370-439: UNCOMMON | X28: Domain: Cloud Ecosystem: AWS Lambda Language: Python Match: DOM: M (1/2)[cloud] S (0/1)[] C (0/1)[] ECO: M (1/3)[aws lambda] S (0/1)[] C (0/1)[] LING: M (1/3)[python] S (0/2)[] C (0/2)[] Collaboration:: 250-324: UNCOMMON 250-370: UNCOMMON 250-439: UNCOMMON
C29: P5-TEAM4 | D29: Dev331 | E29: Dev36 | F29: Dev181 | G29: Dev494 | H29: 2 | I29: DOM M(1/2)[cloud] S(1/1)[mobile] C(0/1)[] | ECO M(1/3)[aws lambda] S(0/1)[] C(1/1)[android] | LING M(1/3)[python] S(0/2)[] C(2/2)[kotlin, swift] | J29: =IFERROR(__xludf.DUMMYFUNCTION("IFERROR(REGEXEXTRACT($I29,""DOM\s*M\((\d+/\d+)\)""),"""") "),"1/2") -> 1/2 | K29: =IFERROR(__xludf.DUMMYFUNCTION("IFERROR(REGEXEXTRACT($I29,""DOM.*?S\((\d+/\d+)\)""),"""") "),"1/1") -> 1/1 | L29: =IFERROR(__xludf.DUMMYFUNCTION("IFERROR(REGEXEXTRACT($I29,""DOM.*?C\((\d+/\d+)\)""),"""") "),"0/1") -> 0/1 | M29: =IFERROR(__xludf.DUMMYFUNCTION("IFERROR(REGEXEXTRACT($I29,""ECO\s*M\((\d+/\d+)\)""),"""") "),"1/3") -> 1/3 | N29: =IFERROR(__xludf.DUMMYFUNCTION("IFERROR(REGEXEXTRACT($I29,""ECO.*?S\((\d+/\d+)\)""),"""") "),"0/1") -> 0/1 | O29: =IFERROR(__xludf.DUMMYFUNCTION("IFERROR(REGEXEXTRACT($I29,""ECO.*?C\((\d+/\d+)\)""),"""") "),"1/1") -> 1/1 | P29: =IFERROR(__xludf.DUMMYFUNCTION("IFERROR(REGEXEXTRACT($I29,""LING\s*M\((\d+/\d+)\)""),"""") "),"1/3") -> 1/3 | Q29: =IFERROR(__xludf.DUMMYFUNCTION("IFERROR(REGEXEXTRACT($I29,""LING.*?S\((\d+/\d+)\)""),"""") "),"0/2") -> 0/2 | R29: =IFERROR(__xludf.DUMMYFUNCTION("IFERROR(REGEXEXTRACT($I29,""LING[^|]*C\(([0-9]+/[0-9]+)\)""),"""") "),"2/2") -> 2/2 | S29: =IFERROR(__xludf.DUMMYFUNCTION("AND( VALUE(INDEX(SPLIT(J29,""/""),1))=VALUE(INDEX(SPLIT(J29,""/""),2)), VALUE(INDEX(SPLIT(M29,""/""),1))=VALUE(INDEX(SPLIT(M29,""/""),2)), VALUE(INDEX(SPLIT(P29,""/""),1))=VALUE(INDEX(SPLIT(P29,""/""),2)) ) "),FALSE) -> FALSE | T29: =IFERROR(__xludf.DUMMYFUNCTION(" (VALUE(INDEX(SPLIT(J29,""/""),2))-VALUE(INDEX(SPLIT(J29,""/""),1))) + (VALUE(INDEX(SPLIT(M29,""/""),2))-VALUE(INDEX(SPLIT(M29,""/""),1))) + (VALUE(INDEX(SPLIT(P29,""/""),2))-VALUE(INDEX(SPLIT(P29,""/""),1))) "),5.0) -> 5 | U29: Domain: Mobile Ecosystem: iOS/iPadOS Language: Swift Match: DOM: M (0/2)[] S (1/1)[mobile] C (0/1)[] ECO: M (0/3)[] S (0/1)[] C (0/1)[] LING: M (0/3)[] S (0/2)[] C (1/2)[swift] Collaboration:: 331-36: UNCOMMON 331-181: UNCOMMON 331-494: UNCOMMON | V29: Domain: Mobile Ecosystem: Android Language: Kotlin Match: DOM: M (0/2)[] S (1/1)[mobile] C (0/1)[] ECO: M (0/3)[] S (0/1)[] C (1/1)[android] LING: M (0/3)[] S (0/2)[] C (1/2)[kotlin] Collaboration:: 36-181: P82(,osf=0.567,slf=0.737) 36-331: UNCOMMON 36-494: UNCOMMON | W29: Domain: Cloud Ecosystem: AWS Lambda Language: Python Match: DOM: M (1/2)[cloud] S (0/1)[] C (0/1)[] ECO: M (1/3)[aws lambda] S (0/1)[] C (0/1)[] LING: M (1/3)[python] S (0/2)[] C (0/2)[] Collaboration:: 181-36: P82(,osf=0.567,slf=0.737) 181-331: UNCOMMON 181-494: UNCOMMON | X29: Domain: Cloud Ecosystem: AWS Lambda Language: Python Match: DOM: M (1/2)[cloud] S (0/1)[] C (0/1)[] ECO: M (1/3)[aws lambda] S (0/1)[] C (0/1)[] LING: M (1/3)[python] S (0/2)[] C (0/2)[] Collaboration:: 494-36: UNCOMMON 494-181: UNCOMMON 494-331: UNCOMMON
C30: P5-TEAM5 | D30: Dev479 | E30: Dev389 | F30: Dev357 | G30: Dev316 | H30: 4 | I30: DOM M(1/2)[web] S(1/1)[mobile] C(0/1)[] | ECO M(0/3)[] S(0/1)[] C(1/1)[android] | LING M(2/3)[javascript, typescript] S(0/2)[] C(1/2)[kotlin] | J30: =IFERROR(__xludf.DUMMYFUNCTION("IFERROR(REGEXEXTRACT($I30,""DOM\s*M\((\d+/\d+)\)""),"""") "),"1/2") -> 1/2 | K30: =IFERROR(__xludf.DUMMYFUNCTION("IFERROR(REGEXEXTRACT($I30,""DOM.*?S\((\d+/\d+)\)""),"""") "),"1/1") -> 1/1 | L30: =IFERROR(__xludf.DUMMYFUNCTION("IFERROR(REGEXEXTRACT($I30,""DOM.*?C\((\d+/\d+)\)""),"""") "),"0/1") -> 0/1 | M30: =IFERROR(__xludf.DUMMYFUNCTION("IFERROR(REGEXEXTRACT($I30,""ECO\s*M\((\d+/\d+)\)""),"""") "),"0/3") -> 0/3 | N30: =IFERROR(__xludf.DUMMYFUNCTION("IFERROR(REGEXEXTRACT($I30,""ECO.*?S\((\d+/\d+)\)""),"""") "),"0/1") -> 0/1 | O30: =IFERROR(__xludf.DUMMYFUNCTION("IFERROR(REGEXEXTRACT($I30,""ECO.*?C\((\d+/\d+)\)""),"""") "),"1/1") -> 1/1 | P30: =IFERROR(__xludf.DUMMYFUNCTION("IFERROR(REGEXEXTRACT($I30,""LING\s*M\((\d+/\d+)\)""),"""") "),"2/3") -> 2/3 | Q30: =IFERROR(__xludf.DUMMYFUNCTION("IFERROR(REGEXEXTRACT($I30,""LING.*?S\((\d+/\d+)\)""),"""") "),"0/2") -> 0/2 | R30: =IFERROR(__xludf.DUMMYFUNCTION("IFERROR(REGEXEXTRACT($I30,""LING[^|]*C\(([0-9]+/[0-9]+)\)""),"""") "),"1/2") -> 1/2 | S30: =IFERROR(__xludf.DUMMYFUNCTION("AND( VALUE(INDEX(SPLIT(J30,""/""),1))=VALUE(INDEX(SPLIT(J30,""/""),2)), VALUE(INDEX(SPLIT(M30,""/""),1))=VALUE(INDEX(SPLIT(M30,""/""),2)), VALUE(INDEX(SPLIT(P30,""/""),1))=VALUE(INDEX(SPLIT(P30,""/""),2)) ) "),FALSE) -> FALSE | T30: =IFERROR(__xludf.DUMMYFUNCTION(" (VALUE(INDEX(SPLIT(J30,""/""),2))-VALUE(INDEX(SPLIT(J30,""/""),1))) + (VALUE(INDEX(SPLIT(M30,""/""),2))-VALUE(INDEX(SPLIT(M30,""/""),1))) + (VALUE(INDEX(SPLIT(P30,""/""),2))-VALUE(INDEX(SPLIT(P30,""/""),1))) "),5.0) -> 5 | U30: Domain: Web Ecosystem: Angular Language: TypeScript Match: DOM: M (1/2)[web] S (0/1)[] C (0/1)[] ECO: M (0/3)[] S (0/1)[] C (0/1)[] LING: M (1/3)[typescript] S (0/2)[] C (0/2)[] Collaboration:: 479-316: UNCOMMON 479-357: UNCOMMON 479-389: UNCOMMON | V30: Domain: Mobile Ecosystem: Android Language: Kotlin Match: DOM: M (0/2)[] S (1/1)[mobile] C (0/1)[] ECO: M (0/3)[] S (0/1)[] C (1/1)[android] LING: M (0/3)[] S (0/2)[] C (1/2)[kotlin] Collaboration:: 389-316: UNCOMMON 389-357: UNCOMMON 389-479: UNCOMMON | W30: Domain: Web Ecosystem: Node.js Language: JavaScript Match: DOM: M (1/2)[web] S (0/1)[] C (0/1)[] ECO: M (0/3)[] S (0/1)[] C (0/1)[] LING: M (1/3)[javascript] S (0/2)[] C (0/2)[] Collaboration:: 357-316: UNCOMMON 357-389: UNCOMMON 357-479: UNCOMMON | X30: Domain: Web Ecosystem: Node.js Language: JavaScript Match: DOM: M (1/2)[web] S (0/1)[] C (0/1)[] ECO: M (0/3)[] S (0/1)[] C (0/1)[] LING: M (1/3)[javascript] S (0/2)[] C (0/2)[] Collaboration:: 316-357: UNCOMMON 316-389: UNCOMMON 316-479: UNCOMMON
J31: =IFERROR(__xludf.DUMMYFUNCTION("IFERROR(REGEXEXTRACT($I31,""DOM\s*M\((\d+/\d+)\)""),"""") "),"") | K31: =IFERROR(__xludf.DUMMYFUNCTION("IFERROR(REGEXEXTRACT($I31,""DOM.*?S\((\d+/\d+)\)""),"""") "),"") | L31: =IFERROR(__xludf.DUMMYFUNCTION("IFERROR(REGEXEXTRACT($I31,""DOM.*?C\((\d+/\d+)\)""),"""") "),"") | M31: =IFERROR(__xludf.DUMMYFUNCTION("IFERROR(REGEXEXTRACT($I31,""ECO\s*M\((\d+/\d+)\)""),"""") "),"") | N31: =IFERROR(__xludf.DUMMYFUNCTION("IFERROR(REGEXEXTRACT($I31,""ECO.*?S\((\d+/\d+)\)""),"""") "),"") | O31: =IFERROR(__xludf.DUMMYFUNCTION("IFERROR(REGEXEXTRACT($I31,""ECO.*?C\((\d+/\d+)\)""),"""") "),"") | P31: =IFERROR(__xludf.DUMMYFUNCTION("IFERROR(REGEXEXTRACT($I31,""LING\s*M\((\d+/\d+)\)""),"""") "),"") | Q31: =IFERROR(__xludf.DUMMYFUNCTION("IFERROR(REGEXEXTRACT($I31,""LING.*?S\((\d+/\d+)\)""),"""") "),"") | R31: =IFERROR(__xludf.DUMMYFUNCTION("IFERROR(REGEXEXTRACT($I31,""LING[^|]*C\(([0-9]+/[0-9]+)\)""),"""") "),"")
A32: P6 | B32: =IFERROR(VLOOKUP(A32,Projects!$A$2:$C$8,2,FALSE),"") -> Critical Embedded Hardware Platform | C32: P6-TEAM1 | D32: Dev65 | E32: Dev71 | F32: Dev63 | G32: Dev261 | H32: 2 | I32: DOM M(2/2)[hardware, embedded] S(1/1)[iot] C(1/1)[cloud] | ECO M(2/2)[pcb, desenvolvimento de placa] S(1/1)[eletrônica (circuitos lógicos e analógicos)] C(2/2)[instrumentação (osciloscópio, analisador lógico), prototipação] | LING M(1/1)[c] S(1/1)[c++] C(1/1)[python] | J32: =IFERROR(__xludf.DUMMYFUNCTION("IFERROR(REGEXEXTRACT($I32,""DOM\s*M\((\d+/\d+)\)""),"""") "),"2/2") -> 2/2 | K32: =IFERROR(__xludf.DUMMYFUNCTION("IFERROR(REGEXEXTRACT($I32,""DOM.*?S\((\d+/\d+)\)""),"""") "),"1/1") -> 1/1 | L32: =IFERROR(__xludf.DUMMYFUNCTION("IFERROR(REGEXEXTRACT($I32,""DOM.*?C\((\d+/\d+)\)""),"""") "),"1/1") -> 1/1 | M32: =IFERROR(__xludf.DUMMYFUNCTION("IFERROR(REGEXEXTRACT($I32,""ECO\s*M\((\d+/\d+)\)""),"""") "),"2/2") -> 2/2 | N32: =IFERROR(__xludf.DUMMYFUNCTION("IFERROR(REGEXEXTRACT($I32,""ECO.*?S\((\d+/\d+)\)""),"""") "),"1/1") -> 1/1 | O32: =IFERROR(__xludf.DUMMYFUNCTION("IFERROR(REGEXEXTRACT($I32,""ECO.*?C\((\d+/\d+)\)""),"""") "),"2/2") -> 2/2 | P32: =IFERROR(__xludf.DUMMYFUNCTION("IFERROR(REGEXEXTRACT($I32,""LING\s*M\((\d+/\d+)\)""),"""") "),"1/1") -> 1/1 | Q32: =IFERROR(__xludf.DUMMYFUNCTION("IFERROR(REGEXEXTRACT($I32,""LING.*?S\((\d+/\d+)\)""),"""") "),"1/1") -> 1/1 | R32: =IFERROR(__xludf.DUMMYFUNCTION("IFERROR(REGEXEXTRACT($I32,""LING[^|]*C\(([0-9]+/[0-9]+)\)""),"""") "),"1/1") -> 1/1 | S32: =IFERROR(__xludf.DUMMYFUNCTION("AND( VALUE(INDEX(SPLIT(J32,""/""),1))=VALUE(INDEX(SPLIT(J32,""/""),2)), VALUE(INDEX(SPLIT(M32,""/""),1))=VALUE(INDEX(SPLIT(M32,""/""),2)), VALUE(INDEX(SPLIT(P32,""/""),1))=VALUE(INDEX(SPLIT(P32,""/""),2)) ) "),TRUE) -> TRUE | T32: =IFERROR(__xludf.DUMMYFUNCTION(" (VALUE(INDEX(SPLIT(J32,""/""),2))-VALUE(INDEX(SPLIT(J32,""/""),1))) + (VALUE(INDEX(SPLIT(M32,""/""),2))-VALUE(INDEX(SPLIT(M32,""/""),1))) + (VALUE(INDEX(SPLIT(P32,""/""),2))-VALUE(INDEX(SPLIT(P32,""/""),1))) "),0.0) -> 0 | U32: Domain: IoT, Web, Embedded Ecosystem: iOS/iPadOS, PCB, Prototipação Language: C++, Java, C Match: DOM: M (1/2)[embedded] S (1/1)[iot] C (0/1)[] ECO: M (1/2)[pcb] S (0/1)[] C (1/2)[prototipação] LING: M (1/1)[c] S (1/1)[c++] C (0/1)[] Collaboration:: 65-71: UNCOMMON 65-63: UNCOMMON 65-261: P11(osf=0.460,slf=0.781); P76(osf=0.821,slf=0.637); P118(osf=0.593,slf=0.504) | V32: Domain: IoT, Web, Hardware Ecosystem: iOS/iPadOS, Desenvolvimento de Placa Language: HTML, JavaScript, Python, C Match: DOM: M (1/2)[hardware] S (1/1)[iot] C (0/1)[] ECO: M (1/2)[desenvolvimento de placa] S (0/1)[] C (0/2)[] LING: M (1/1)[c] S (0/1)[] C (1/1)[python] Collaboration:: 71-63: UNCOMMON 71-65: UNCOMMON 71-261: UNCOMMON | W32: Domain: IoT Ecosystem: Eletrônica (circuitos lógicos e analógicos) Language: Lua, Java Match: DOM: M (0/2)[] S (1/1)[iot] C (0/1)[] ECO: M (0/2)[] S (1/1)[eletrônica (circuitos lógicos e analógicos)] C (0/2)[] LING: M (0/1)[] S (0/1)[] C (0/1)[] Collaboration:: 63-71: UNCOMMON 63-65: UNCOMMON 63-261: UNCOMMON | X32: Domain: Cloud Ecosystem: AWS Lambda, Instrumentação (osciloscópio, analisador lógico) Language: Python Match: DOM: M (0/2)[] S (0/1)[] C (1/1)[cloud] ECO: M (0/2)[] S (0/1)[] C (1/2)[instrumentação (osciloscópio, analisador lógico)] LING: M (0/1)[] S (0/1)[] C (1/1)[python] Collaboration:: 261-71: UNCOMMON 261-63: UNCOMMON 261-65: P76(osf=0.821,slf=0.637); P11(osf=0.460,slf=0.781); P118(osf=0.593,slf=0.504)
B33: "DOM M[Hardware, Embedded] S[IoT] C[Cloud] ECO M[PCB, Board Development] S[Electronics (logic and analog circuits)] C[Instrumentation (oscilloscope, logic analyzer), Prototyping] LING M[C] S[C++] C[Python]" | C33: P6-TEAM2 | D33: Dev508 | E33: Dev193 | F33: Dev36 | G33: Dev335 | H33: 1 | I33: DOM M(2/2)[hardware, embedded] S(1/1)[iot] C(1/1)[cloud] | ECO M(2/2)[pcb, desenvolvimento de placa] S(1/1)[eletrônica (circuitos lógicos e analógicos)] C(2/2)[instrumentação (osciloscópio, analisador lógico), prototipação] | LING M(1/1)[c] S(1/1)[c++] C(1/1)[python] | J33: =IFERROR(__xludf.DUMMYFUNCTION("IFERROR(REGEXEXTRACT($I33,""DOM\s*M\((\d+/\d+)\)""),"""") "),"2/2") -> 2/2 | K33: =IFERROR(__xludf.DUMMYFUNCTION("IFERROR(REGEXEXTRACT($I33,""DOM.*?S\((\d+/\d+)\)""),"""") "),"1/1") -> 1/1 | L33: =IFERROR(__xludf.DUMMYFUNCTION("IFERROR(REGEXEXTRACT($I33,""DOM.*?C\((\d+/\d+)\)""),"""") "),"1/1") -> 1/1 | M33: =IFERROR(__xludf.DUMMYFUNCTION("IFERROR(REGEXEXTRACT($I33,""ECO\s*M\((\d+/\d+)\)""),"""") "),"2/2") -> 2/2 | N33: =IFERROR(__xludf.DUMMYFUNCTION("IFERROR(REGEXEXTRACT($I33,""ECO.*?S\((\d+/\d+)\)""),"""") "),"1/1") -> 1/1 | O33: =IFERROR(__xludf.DUMMYFUNCTION("IFERROR(REGEXEXTRACT($I33,""ECO.*?C\((\d+/\d+)\)""),"""") "),"2/2") -> 2/2 | P33: =IFERROR(__xludf.DUMMYFUNCTION("IFERROR(REGEXEXTRACT($I33,""LING\s*M\((\d+/\d+)\)""),"""") "),"1/1") -> 1/1 | Q33: =IFERROR(__xludf.DUMMYFUNCTION("IFERROR(REGEXEXTRACT($I33,""LING.*?S\((\d+/\d+)\)""),"""") "),"1/1") -> 1/1 | R33: =IFERROR(__xludf.DUMMYFUNCTION("IFERROR(REGEXEXTRACT($I33,""LING[^|]*C\(([0-9]+/[0-9]+)\)""),"""") "),"1/1") -> 1/1 | S33: =IFERROR(__xludf.DUMMYFUNCTION("AND( VALUE(INDEX(SPLIT(J33,""/""),1))=VALUE(INDEX(SPLIT(J33,""/""),2)), VALUE(INDEX(SPLIT(M33,""/""),1))=VALUE(INDEX(SPLIT(M33,""/""),2)), VALUE(INDEX(SPLIT(P33,""/""),1))=VALUE(INDEX(SPLIT(P33,""/""),2)) ) "),TRUE) -> TRUE | T33: =IFERROR(__xludf.DUMMYFUNCTION(" (VALUE(INDEX(SPLIT(J33,""/""),2))-VALUE(INDEX(SPLIT(J33,""/""),1))) + (VALUE(INDEX(SPLIT(M33,""/""),2))-VALUE(INDEX(SPLIT(M33,""/""),1))) + (VALUE(INDEX(SPLIT(P33,""/""),2))-VALUE(INDEX(SPLIT(P33,""/""),1))) "),0.0) -> 0 | U33: Domain: Web, Embedded Ecosystem: React, PCB Language: JavaScript, C Match: DOM: M (1/2)[embedded] S (0/1)[] C (0/1)[] ECO: M (1/2)[pcb] S (0/1)[] C (0/2)[] LING: M (1/1)[c] S (0/1)[] C (0/1)[] Collaboration:: 508-36: UNCOMMON 508-193: UNCOMMON 508-335: UNCOMMON | V33: Domain: Web, Hardware Ecosystem: Spring Boot, Desenvolvimento de Placa Language: Java, C++, Python Match: DOM: M (1/2)[hardware] S (0/1)[] C (0/1)[] ECO: M (1/2)[desenvolvimento de placa] S (0/1)[] C (0/2)[] LING: M (0/1)[] S (1/1)[c++] C (1/1)[python] Collaboration:: 193-36: UNCOMMON 193-335: UNCOMMON 193-508: UNCOMMON | W33: Domain: Mobile, IoT Ecosystem: Android, Eletrônica (circuitos lógicos e analógicos), Prototipação Language: Kotlin, C++ Match: DOM: M (0/2)[] S (1/1)[iot] C (0/1)[] ECO: M (0/2)[] S (1/1)[eletrônica (circuitos lógicos e analógicos)] C (1/2)[prototipação] LING: M (0/1)[] S (1/1)[c++] C (0/1)[] Collaboration:: 36-193: UNCOMMON 36-335: UNCOMMON 36-508: UNCOMMON | X33: Domain: Desktop, Cloud Ecosystem: .NET, Instrumentação (osciloscópio, analisador lógico) Language: C#, C Match: DOM: M (0/2)[] S (0/1)[] C (1/1)[cloud] ECO: M (0/2)[] S (0/1)[] C (1/2)[instrumentação (osciloscópio, analisador lógico)] LING: M (1/1)[c] S (0/1)[] C (0/1)[] Collaboration:: 335-508: P196(osf=0.888,slf=0.339) 335-193: P85(osf=0.784,slf=0.538); P82(osf=0.567,slf=0.737) 335-36: P82(osf=0.567,slf=0.737)
C34: P6-TEAM3 | D34: Dev242 | E34: Dev168 | F34: Dev446 | G34: Dev93 | H34: 2 | I34: DOM M(2/2)[hardware, embedded] S(1/1)[iot] C(1/1)[cloud] | ECO M(2/2)[pcb, desenvolvimento de placa] S(1/1)[eletrônica (circuitos lógicos e analógicos)] C(2/2)[instrumentação (osciloscópio, analisador lógico), prototipação] | LING M(1/1)[c] S(1/1)[c++] C(1/1)[python] | J34: =IFERROR(__xludf.DUMMYFUNCTION("IFERROR(REGEXEXTRACT($I34,""DOM\s*M\((\d+/\d+)\)""),"""") "),"2/2") -> 2/2 | K34: =IFERROR(__xludf.DUMMYFUNCTION("IFERROR(REGEXEXTRACT($I34,""DOM.*?S\((\d+/\d+)\)""),"""") "),"1/1") -> 1/1 | L34: =IFERROR(__xludf.DUMMYFUNCTION("IFERROR(REGEXEXTRACT($I34,""DOM.*?C\((\d+/\d+)\)""),"""") "),"1/1") -> 1/1 | M34: =IFERROR(__xludf.DUMMYFUNCTION("IFERROR(REGEXEXTRACT($I34,""ECO\s*M\((\d+/\d+)\)""),"""") "),"2/2") -> 2/2 | N34: =IFERROR(__xludf.DUMMYFUNCTION("IFERROR(REGEXEXTRACT($I34,""ECO.*?S\((\d+/\d+)\)""),"""") "),"1/1") -> 1/1 | O34: =IFERROR(__xludf.DUMMYFUNCTION("IFERROR(REGEXEXTRACT($I34,""ECO.*?C\((\d+/\d+)\)""),"""") "),"2/2") -> 2/2 | P34: =IFERROR(__xludf.DUMMYFUNCTION("IFERROR(REGEXEXTRACT($I34,""LING\s*M\((\d+/\d+)\)""),"""") "),"1/1") -> 1/1 | Q34: =IFERROR(__xludf.DUMMYFUNCTION("IFERROR(REGEXEXTRACT($I34,""LING.*?S\((\d+/\d+)\)""),"""") "),"1/1") -> 1/1 | R34: =IFERROR(__xludf.DUMMYFUNCTION("IFERROR(REGEXEXTRACT($I34,""LING[^|]*C\(([0-9]+/[0-9]+)\)""),"""") "),"1/1") -> 1/1 | S34: =IFERROR(__xludf.DUMMYFUNCTION("AND( VALUE(INDEX(SPLIT(J34,""/""),1))=VALUE(INDEX(SPLIT(J34,""/""),2)), VALUE(INDEX(SPLIT(M34,""/""),1))=VALUE(INDEX(SPLIT(M34,""/""),2)), VALUE(INDEX(SPLIT(P34,""/""),1))=VALUE(INDEX(SPLIT(P34,""/""),2)) ) "),TRUE) -> TRUE | T34: =IFERROR(__xludf.DUMMYFUNCTION(" (VALUE(INDEX(SPLIT(J34,""/""),2))-VALUE(INDEX(SPLIT(J34,""/""),1))) + (VALUE(INDEX(SPLIT(M34,""/""),2))-VALUE(INDEX(SPLIT(M34,""/""),1))) + (VALUE(INDEX(SPLIT(P34,""/""),2))-VALUE(INDEX(SPLIT(P34,""/""),1))) "),0.0) -> 0 | U34: Domain: Web, Embedded, Hardware Ecosystem: Node.js, PCB Language: JavaScript, C, C++ Match: DOM: M (2/2)[hardware, embedded] S (0/1)[] C (0/1)[] ECO: M (1/2)[pcb] S (0/1)[] C (0/2)[] LING: M (1/1)[c] S (1/1)[c++] C (0/1)[] Collaboration:: 242-93: UNCOMMON 242-168: UNCOMMON 242-446: UNCOMMON | V34: Domain: Mobile, IoT Ecosystem: Android, Eletrônica (circuitos lógicos e analógicos) Language: Kotlin Match: DOM: M (0/2)[] S (1/1)[iot] C (0/1)[] ECO: M (0/2)[] S (1/1)[eletrônica (circuitos lógicos e analógicos)] C (0/2)[] LING: M (0/1)[] S (0/1)[] C (0/1)[] Colaboração (somente com membros desta equipe [Dev242, Dev168, Dev446, Dev93]): 168-242: UNCOMMON 168-446: UNCOMMON 168-93: UNCOMMON | W34: Domain: Mobile Ecosystem: Android, Desenvolvimento de Placa, Prototipação Language: Kotlin Match: DOM: M (0/2)[] S (0/1)[] C (0/1)[] ECO: M (1/2)[desenvolvimento de placa] S (0/1)[] C (1/2)[prototipação] LING: M (0/1)[] S (0/1)[] C (0/1)[] Collaboration:: 446-93: UNCOMMON 446-168: UNCOMMON 446-242: UNCOMMON | X34: Domain: Desktop, Cloud Ecosystem: .NET, Instrumentação (osciloscópio, analisador lógico) Language: C#, Python Match: DOM: M (0/2)[] S (0/1)[] C (1/1)[cloud] ECO: M (0/2)[] S (0/1)[] C (1/2)[instrumentação (osciloscópio, analisador lógico)] LING: M (0/1)[] S (0/1)[] C (1/1)[python] Collaboration:: 93-168: UNCOMMON 93-242: UNCOMMON 93-446: UNCOMMON
C35: P6-TEAM4 | D35: Dev568 | E35: Dev463 | F35: Dev7 | G35: Dev498 | H35: 5 | I35: DOM M(0/2)[] S(0/1)[] C(0/1)[] | ECO M(0/2)[] S(0/1)[] C(0/3)[] | LING M(0/1)[] S(0/1)[] C(0/1)[] | J35: =IFERROR(__xludf.DUMMYFUNCTION("IFERROR(REGEXEXTRACT($I35,""DOM\s*M\((\d+/\d+)\)""),"""") "),"0/2") -> 0/2 | K35: =IFERROR(__xludf.DUMMYFUNCTION("IFERROR(REGEXEXTRACT($I35,""DOM.*?S\((\d+/\d+)\)""),"""") "),"0/1") -> 0/1 | L35: =IFERROR(__xludf.DUMMYFUNCTION("IFERROR(REGEXEXTRACT($I35,""DOM.*?C\((\d+/\d+)\)""),"""") "),"0/1") -> 0/1 | M35: =IFERROR(__xludf.DUMMYFUNCTION("IFERROR(REGEXEXTRACT($I35,""ECO\s*M\((\d+/\d+)\)""),"""") "),"0/2") -> 0/2 | N35: =IFERROR(__xludf.DUMMYFUNCTION("IFERROR(REGEXEXTRACT($I35,""ECO.*?S\((\d+/\d+)\)""),"""") "),"0/1") -> 0/1 | O35: =IFERROR(__xludf.DUMMYFUNCTION("IFERROR(REGEXEXTRACT($I35,""ECO.*?C\((\d+/\d+)\)""),"""") "),"0/3") -> 0/3 | P35: =IFERROR(__xludf.DUMMYFUNCTION("IFERROR(REGEXEXTRACT($I35,""LING\s*M\((\d+/\d+)\)""),"""") "),"0/1") -> 0/1 | Q35: =IFERROR(__xludf.DUMMYFUNCTION("IFERROR(REGEXEXTRACT($I35,""LING.*?S\((\d+/\d+)\)""),"""") "),"0/1") -> 0/1 | R35: =IFERROR(__xludf.DUMMYFUNCTION("IFERROR(REGEXEXTRACT($I35,""LING[^|]*C\(([0-9]+/[0-9]+)\)""),"""") "),"0/1") -> 0/1 | S35: =IFERROR(__xludf.DUMMYFUNCTION("AND( VALUE(INDEX(SPLIT(J35,""/""),1))=VALUE(INDEX(SPLIT(J35,""/""),2)), VALUE(INDEX(SPLIT(M35,""/""),1))=VALUE(INDEX(SPLIT(M35,""/""),2)), VALUE(INDEX(SPLIT(P35,""/""),1))=VALUE(INDEX(SPLIT(P35,""/""),2)) ) "),FALSE) -> FALSE | T35: =IFERROR(__xludf.DUMMYFUNCTION(" (VALUE(INDEX(SPLIT(J35,""/""),2))-VALUE(INDEX(SPLIT(J35,""/""),1))) + (VALUE(INDEX(SPLIT(M35,""/""),2))-VALUE(INDEX(SPLIT(M35,""/""),1))) + (VALUE(INDEX(SPLIT(P35,""/""),2))-VALUE(INDEX(SPLIT(P35,""/""),1))) "),5.0) -> 5 | U35: Domain: Web Ecosystem: React Language: JavaScript Match: DOM: M (0/2)[] S (0/1)[] C (0/1)[] ECO: M (0/2)[] S (0/1)[] C (0/2)[] LING: M (0/1)[] S (0/1)[] C (0/1)[] Colaboração (somente com membros desta equipe [Dev568, Dev463, Dev7, Dev498]): 568-463: P184(osf=0.615,slf=0.450); P272(osf=0.487,slf=0.637); P274(osf=0.411,slf=0.591) 568-7: UNCOMMON 568-498: UNCOMMON | V35: Domain: Web Ecosystem: Vue Language: JavaScript Match: DOM: M (0/2)[] S (0/1)[] C (0/1)[] ECO: M (0/2)[] S (0/1)[] C (0/3)[] LING: M (0/1)[] S (0/1)[] C (0/1)[] Collaboration:: 463-7: UNCOMMON 463-498: UNCOMMON 463-568: UNCOMMON | W35: Domain: Web Ecosystem: React Language: JavaScript Match: DOM: M (0/2)[] S (0/1)[] C (0/1)[] ECO: M (0/2)[] S (0/1)[] C (0/3)[] LING: M (0/1)[] S (0/1)[] C (0/1)[] Collaboration:: 7-463: UNCOMMON 7-498: UNCOMMON 7-568: UNCOMMON | X35: Domain: Mobile Ecosystem: Android Language: Kotlin Match: DOM: M (0/2)[] S (0/1)[] C (0/1)[] ECO: M (0/2)[] S (0/1)[] C (0/2)[] LING: M (0/1)[] S (1/1)[kotlin] C (0/1)[] Colaboração (somente com membros desta equipe [Dev568, Dev463, Dev7, Dev498]): 498-568: UNCOMMON 498-463: P85(osf=0.784,slf=0.538); P82(osf=0.567,slf=0.737) 498-7: P85(osf=0.784,slf=0.538); P82(osf=0.567,slf=0.737)
C36: P6-TEAM5 | D36: Dev67 | E36: Dev94 | F36: Dev291 | G36: Dev450 | H36: 5 | I36: DOM M(0/2)[] S(0/1)[] C(0/1)[] | ECO M(0/2)[] S(0/1)[] C(0/3)[] | LING M(0/1)[] S(0/1)[] C(0/1)[] | J36: =IFERROR(__xludf.DUMMYFUNCTION("IFERROR(REGEXEXTRACT($I36,""DOM\s*M\((\d+/\d+)\)""),"""") "),"0/2") -> 0/2 | K36: =IFERROR(__xludf.DUMMYFUNCTION("IFERROR(REGEXEXTRACT($I36,""DOM.*?S\((\d+/\d+)\)""),"""") "),"0/1") -> 0/1 | L36: =IFERROR(__xludf.DUMMYFUNCTION("IFERROR(REGEXEXTRACT($I36,""DOM.*?C\((\d+/\d+)\)""),"""") "),"0/1") -> 0/1 | M36: =IFERROR(__xludf.DUMMYFUNCTION("IFERROR(REGEXEXTRACT($I36,""ECO\s*M\((\d+/\d+)\)""),"""") "),"0/2") -> 0/2 | N36: =IFERROR(__xludf.DUMMYFUNCTION("IFERROR(REGEXEXTRACT($I36,""ECO.*?S\((\d+/\d+)\)""),"""") "),"0/1") -> 0/1 | O36: =IFERROR(__xludf.DUMMYFUNCTION("IFERROR(REGEXEXTRACT($I36,""ECO.*?C\((\d+/\d+)\)""),"""") "),"0/3") -> 0/3 | P36: =IFERROR(__xludf.DUMMYFUNCTION("IFERROR(REGEXEXTRACT($I36,""LING\s*M\((\d+/\d+)\)""),"""") "),"0/1") -> 0/1 | Q36: =IFERROR(__xludf.DUMMYFUNCTION("IFERROR(REGEXEXTRACT($I36,""LING.*?S\((\d+/\d+)\)""),"""") "),"0/1") -> 0/1 | R36: =IFERROR(__xludf.DUMMYFUNCTION("IFERROR(REGEXEXTRACT($I36,""LING[^|]*C\(([0-9]+/[0-9]+)\)""),"""") "),"0/1") -> 0/1 | S36: =IFERROR(__xludf.DUMMYFUNCTION("AND( VALUE(INDEX(SPLIT(J36,""/""),1))=VALUE(INDEX(SPLIT(J36,""/""),2)), VALUE(INDEX(SPLIT(M36,""/""),1))=VALUE(INDEX(SPLIT(M36,""/""),2)), VALUE(INDEX(SPLIT(P36,""/""),1))=VALUE(INDEX(SPLIT(P36,""/""),2)) ) "),FALSE) -> FALSE | T36: =IFERROR(__xludf.DUMMYFUNCTION(" (VALUE(INDEX(SPLIT(J36,""/""),2))-VALUE(INDEX(SPLIT(J36,""/""),1))) + (VALUE(INDEX(SPLIT(M36,""/""),2))-VALUE(INDEX(SPLIT(M36,""/""),1))) + (VALUE(INDEX(SPLIT(P36,""/""),2))-VALUE(INDEX(SPLIT(P36,""/""),1))) "),5.0) -> 5 | U36: Domain: Web Ecosystem: Spring Boot Language: Java Match: DOM: M (0/2)[] S (0/1)[] C (0/1)[] ECO: M (0/2)[] S (0/1)[] C (0/2)[] LING: M (0/1)[] S (0/1)[] C (0/1)[] Colaboração (somente com membros desta equipe [Dev498, Dev67, Dev94, Dev291]): 67-498: UNCOMMON 67-94: UNCOMMON 67-291: UNCOMMON | V36: Domain: Web Ecosystem: Vue Language: JavaScript Match: DOM: M (0/2)[] S (0/1)[] C (0/1)[] ECO: M (0/2)[] S (0/1)[] C (0/2)[] LING: M (0/1)[] S (0/1)[] C (0/1)[] Colaboração (somente com membros desta equipe [Dev498, Dev67, Dev94, Dev291]): 94-498: UNCOMMON 94-67: UNCOMMON 94-291: P82(osf=0.567,slf=0.737) | W36: Domain: Desktop Ecosystem: .NET Language: C# Match: DOM: M (0/2)[] S (0/1)[] C (0/1)[] ECO: M (0/2)[] S (0/1)[] C (0/2)[] LING: M (0/1)[] S (0/1)[] C (0/1)[] Colaboração (somente com membros desta equipe [Dev498, Dev67, Dev94, Dev291]): 291-498: UNCOMMON 291-67: UNCOMMON 291-94: P82(osf=0.567,slf=0.737) | X36: Domain: Desktop Ecosystem: .NET Language: C# Match: DOM: M (0/2)[] S (0/1)[] C (0/1)[] ECO: M (0/2)[] S (0/1)[] C (0/3)[] LING: M (0/1)[] S (0/1)[] C (0/1)[] Collaboration:: 450-67: UNCOMMON 450-94: UNCOMMON 450-291: UNCOMMON
I39: -
AF40: =+AF59

Sheet BN_results
A1: projeto_id | B1: team_id | C1: team_str | D1: ae_bn_mean | E1: rank_bn | F1: AT_cont | G1: AC_cont | H1: dist_AT | I1: dist_AC | J1: dist_AE | K1: pc_score | L1: pc_label | M1: domain_tier | N1: ecosystem_tier | O1: language_tier | P1: domain_score | Q1: ecosystem_score | R1: language_score | S1: t_cpt_build_s | T1: t_dim_s | U1: t_pc_graph_s | V1: t_pc_transform_s | W1: t_infer_at_s | X1: t_infer_ae_s | Y1: t_infer_total_s | Z1: t_team_total_s | AA1: t_project_total_s | AB1: t_project_total_plus_cpt_s | AC1: domain_m_total | AD1: domain_m_covered | AE1: domain_m_covered_list | AF1: domain_s_total | AG1: domain_s_covered | AH1: domain_s_covered_list | AI1: domain_c_total | AJ1: domain_c_covered | AK1: domain_c_covered_list | AL1: ecosystem_m_total | AM1: ecosystem_m_covered | AN1: ecosystem_m_covered_list | AO1: ecosystem_s_total | AP1: ecosystem_s_covered | AQ1: ecosystem_s_covered_list | AR1: ecosystem_c_total | AS1: ecosystem_c_covered | AT1: ecosystem_c_covered_list | AU1: language_m_total | AV1: language_m_covered | AW1: language_m_covered_list | AX1: language_s_total | AY1: language_s_covered | AZ1: language_s_covered_list | BA1: language_c_total | BB1: language_c_covered | BC1: language_c_covered_list
A2: P1 | B2: P1-TEAM0 | C2: [Dev169;Dev27;Dev81;Dev363] | D2: 0.164574 | E2: 2 | F2: 0.150789 | G2: 0.3 | H2: 0.746058,0.253940,0.000002,0.000000,0.000000 | I2: 0.000000,1.000000,0.000000,0.000000,0.000000 | J2: 0.683021,0.311090,0.005890,0.000000,0.000000 | K2: 0.2 | L2: L | M2: L | N2: VL | O2: VL | P2: 0.25 | Q2: 0 | R2: 0 | S2: 5.254824 | T2: 0.013624 | U2: 5.2e-05 | V2: 0.000105 | W2: 0.016656 | X2: 0.011804 | Y2: 0.02846 | Z2: 0.061946 | AA2: 0.299471 | AB2: 5.554295 | AC2: 2 | AD2: 1 | AE2: web | AF2: 1 | AG2: 0 | AI2: 1 | AJ2: 1 | AK2: mobile | AL2: 1 | AM2: 0 | AO2: 1 | AP2: 1 | AQ2: react | AR2: 1 | AS2: 0 | AU2: 1 | AV2: 0 | AX2: 2 | AY2: 1 | AZ2: javascript | BA2: 1 | BB2: 0
A3: P1 | B3: P1-TEAM1 | C3: [Dev71;Dev518;Dev509;Dev439] | D3: 0.106921 | E3: 5 | F3: 0.10468 | G3: 0.1 | H3: 0.976598,0.023402,0.000000,0.000000,0.000000 | I3: 1.000000,0.000000,0.000000,0.000000,0.000000 | J3: 0.965397,0.034603,0.000001,0.000000,0.000000 | K3: 0.1 | L3: VL | M3: VL | N3: VL | O3: VL | P3: 0.125 | Q3: 0 | R3: 0 | S3: 5.254824 | T3: 0.013939 | U3: 3.8e-05 | V3: 8.3e-05 | W3: 0.015942 | X3: 0.009882 | Y3: 0.025823 | Z3: 0.057763 | AA3: 0.299471 | AB3: 5.554295 | AC3: 2 | AD3: 1 | AE3: web | AF3: 1 | AG3: 0 | AI3: 1 | AJ3: 0 | AL3: 1 | AM3: 0 | AO3: 1 | AP3: 1 | AQ3: react | AR3: 1 | AS3: 0 | AU3: 1 | AV3: 0 | AX3: 2 | AY3: 2 | AZ3: javascript,typescript | BA3: 1 | BB3: 1 | BC3: python
A4: P1 | B4: P1-TEAM2 | C4: [Dev205;Dev526;Dev363;Dev447] | D4: 0.122672 | E4: 4 | F4: 0.10468 | G4: 0.3 | H4: 0.976598,0.023402,0.000000,0.000000,0.000000 | I4: 0.000000,1.000000,0.000000,0.000000,0.000000 | J4: 0.887185,0.112272,0.000543,0.000000,0.000000 | K4: 0.2 | L4: L | M4: VL | N4: VL | O4: VL | P4: 0.142857 | Q4: 0 | R4: 0 | S4: 5.254824 | T4: 0.012843 | U4: 3.7e-05 | V4: 7.9e-05 | W4: 0.014065 | X4: 0.013309 | Y4: 0.027373 | Z4: 0.059286 | AA4: 0.299471 | AB4: 5.554295 | AC4: 2 | AD4: 1 | AE4: web | AF4: 1 | AG4: 0 | AI4: 1 | AJ4: 1 | AK4: mobile | AL4: 1 | AM4: 0 | AO4: 1 | AP4: 1 | AQ4: react | AR4: 1 | AS4: 0 | AU4: 1 | AV4: 0 | AX4: 2 | AY4: 1 | AZ4: javascript | BA4: 1 | BB4: 0
A5: P1 | B5: P1-TEAM3 | C5: [Dev33;Dev303;Dev270;Dev93] | D5: 0.541278 | E5: 1 | F5: 0.782261 | G5: 0.3 | H5: 0.000000,0.000000,0.000080,0.588534,0.411386 | I5: 0.000000,1.000000,0.000000,0.000000,0.000000 | J5: 0.000000,0.013369,0.766883,0.219735,0.000013 | K5: 0.2 | L5: L | M5: H | N5: M | O5: VH | P5: 0.642857 | Q5: 0.5 | R5: 0.857143 | S5: 5.254824 | T5: 0.01232 | U5: 4.6e-05 | V5: 8.6e-05 | W5: 0.012311 | X5: 0.014152 | Y5: 0.026463 | Z5: 0.05025 | AA5: 0.299471 | AB5: 5.554295 | AC5: 2 | AD5: 2 | AE5: desktop,web | AF5: 1 | AG5: 1 | AH5: cloud | AI5: 1 | AJ5: 0 | AL5: 1 | AM5: 1 | AN5: .net | AO5: 1 | AP5: 0 | AR5: 1 | AS5: 0 | AU5: 1 | AV5: 1 | AW5: c# | AX5: 2 | AY5: 2 | AZ5: javascript,typescript | BA5: 1 | BB5: 1 | BC5: python
A6: P1 | B6: P1-TEAM4 | C6: [Dev316;Dev389;Dev526;Dev308] | D6: 0.128993 | E6: 3 | F6: 0.150789 | G6: 0.1 | H6: 0.746058,0.253940,0.000002,0.000000,0.000000 | I6: 1.000000,0.000000,0.000000,0.000000,0.000000 | J6: 0.855042,0.144949,0.000008,0.000000,0.000000 | K6: 0.1 | L6: VL | M6: L | N6: VL | O6: VL | P6: 0.25 | Q6: 0 | R6: 0 | S6: 5.254824 | T6: 0.014964 | U6: 4e-05 | V6: 8.3e-05 | W6: 0.018332 | X6: 0.017528 | Y6: 0.03586 | Z6: 0.066853 | AA6: 0.299471 | AB6: 5.554295 | AC6: 2 | AD6: 1 | AE6: web | AF6: 1 | AG6: 0 | AI6: 1 | AJ6: 1 | AK6: mobile | AL6: 1 | AM6: 0 | AO6: 1 | AP6: 1 | AQ6: react | AR6: 1 | AS6: 0 | AU6: 1 | AV6: 0 | AX6: 2 | AY6: 1 | AZ6: javascript | BA6: 1 | BB6: 0
A7: P2 | B7: P2-TEAM0 | C7: [Dev466;Dev93;Dev437;Dev292] | D7: 0.275664 | E7: 2 | F7: 0.249664 | G7: 0.5 | H7: 0.252112,0.747457,0.000431,0.000000,0.000000 | I7: 0.000000,0.000000,1.000000,0.000000,0.000000 | J7: 0.191098,0.739495,0.069397,0.000010,0.000000 | K7: 0.4 | L7: M | M7: M | N7: VL | O7: VL | P7: 0.428572 | Q7: 0.142857 | R7: 0.09375 | S7: 5.254824 | T7: 0.015302 | U7: 3.9e-05 | V7: 8.2e-05 | W7: 0.010894 | X7: 0.010574 | Y7: 0.021468 | Z7: 0.051973 | AA7: 0.304397 | AB7: 5.559221 | AC7: 1 | AD7: 1 | AE7: mobile | AF7: 1 | AG7: 1 | AH7: web | AI7: 1 | AJ7: 1 | AK7: cloud | AL7: 2 | AM7: 0 | AO7: 1 | AP7: 0 | AR7: 1 | AS7: 1 | AT7: .net | AU7: 2 | AV7: 1 | AW7: swift | AX7: 2 | AY7: 1 | AZ7: javascript | BA7: 2 | BB7: 1 | BC7: c#
A8: P2 | B8: P2-TEAM1 | C8: [Dev270;Dev411;Dev479;Dev503] | D8: 0.15454 | E8: 5 | F8: 0.10468 | G8: 0.5 | H8: 0.976598,0.023402,0.000000,0.000000,0.000000 | I8: 0.000000,0.000000,1.000000,0.000000,0.000000 | J8: 0.729460,0.268379,0.002161,0.000000,0.000000 | K8: 0.4 | L8: M | M8: VL | N8: VL | O8: VL | P8: 0 | Q8: 0 | R8: 0 | S8: 5.254824 | T8: 0.013242 | U8: 3.8e-05 | V8: 7.9e-05 | W8: 0.013744 | X8: 0.010201 | Y8: 0.023945 | Z8: 0.053069 | AA8: 0.304397 | AB8: 5.559221 | AC8: 1 | AD8: 0 | AF8: 1 | AG8: 1 | AH8: web | AI8: 1 | AJ8: 0 | AL8: 2 | AM8: 0 | AO8: 1 | AP8: 1 | AQ8: react | AR8: 1 | AS8: 0 | AU8: 2 | AV8: 0 | AX8: 2 | AY8: 2 | AZ8: javascript,typescript | BA8: 2 | BB8: 1 | BC8: java
A9: P2 | B9: P2-TEAM2 | C9: [Dev115;Dev119;Dev399;Dev193] | D9: 0.275664 | E9: 3 | F9: 0.249664 | G9: 0.5 | H9: 0.252112,0.747457,0.000431,0.000000,0.000000 | I9: 0.000000,0.000000,1.000000,0.000000,0.000000 | J9: 0.191098,0.739495,0.069397,0.000010,0.000000 | K9: 0.4 | L9: M | M9: M | N9: VL | O9: VL | P9: 0.428572 | Q9: 0.142857 | R9: 0.125 | S9: 5.254824 | T9: 0.014018 | U9: 3.8e-05 | V9: 7.9e-05 | W9: 0.013817 | X9: 0.019578 | Y9: 0.033394 | Z9: 0.061841 | AA9: 0.304397 | AB9: 5.559221 | AC9: 1 | AD9: 1 | AE9: mobile | AF9: 1 | AG9: 1 | AH9: web | AI9: 1 | AJ9: 0 | AL9: 2 | AM9: 0 | AO9: 1 | AP9: 0 | AR9: 1 | AS9: 1 | AT9: .net | AU9: 2 | AV9: 1 | AW9: swift | AX9: 2 | AY9: 1 | AZ9: javascript | BA9: 2 | BB9: 2 | BC9: c#,java
A10: P2 | B10: P2-TEAM3 | C10: [Dev468;Dev263;Dev503;Dev5] | D10: 0.275664 | E10: 4 | F10: 0.249664 | G10: 0.5 | H10: 0.252112,0.747457,0.000431,0.000000,0.000000 | I10: 0.000000,0.000000,1.000000,0.000000,0.000000 | J10: 0.191098,0.739495,0.069397,0.000010,0.000000 | K10: 0.4 | L10: M | M10: M | N10: VL | O10: VL | P10: 0.428572 | Q10: 0.107143 | R10: 0.0625 | S10: 5.254824 | T10: 0.015437 | U10: 4e-05 | V10: 8e-05 | W10: 0.015677 | X10: 0.0147 | Y10: 0.030376 | Z10: 0.062377 | AA10: 0.304397 | AB10: 5.559221 | AC10: 1 | AD10: 1 | AE10: mobile | AF10: 1 | AG10: 1 | AH10: web | AI10: 1 | AJ10: 1 | AK10: cloud | AL10: 2 | AM10: 1 | AN10: android | AO10: 1 | AP10: 1 | AQ10: react | AR10: 1 | AS10: 0 | AU10: 2 | AV10: 1 | AW10: kotlin | AX10: 2 | AY10: 1 | AZ10: javascript | BA10: 2 | BB10: 0
A11: P2 | B11: P2-TEAM4 | C11: [Dev104;Dev363;Dev544;Dev81] | D11: 0.395012 | E11: 1 | F11: 0.489471 | G11: 0.3 | H11: 0.000000,0.059900,0.932845,0.007255,0.000000 | I11: 0.000000,1.000000,0.000000,0.000000,0.000000 | J11: 0.001366,0.522405,0.476033,0.000196,0.000000 | K11: 0.2 | L11: L | M11: M | N11: L | O11: M | P11: 0.5 | Q11: 0.285714 | R11: 0.464286 | S11: 5.254824 | T11: 0.016431 | U11: 8.2e-05 | V11: 8.6e-05 | W11: 0.019398 | X11: 0.016492 | Y11: 0.03589 | Z11: 0.071998 | AA11: 0.304397 | AB11: 5.559221 | AC11: 1 | AD11: 1 | AE11: mobile | AF11: 1 | AG11: 0 | AI11: 1 | AJ11: 0 | AL11: 2 | AM11: 1 | AN11: android | AO11: 1 | AP11: 0 | AR11: 1 | AS11: 0 | AU11: 2 | AV11: 2 | AW11: kotlin,swift | AX11: 2 | AY11: 1 | AZ11: javascript | BA11: 2 | BB11: 0
A12: P3 | B12: P3-TEAM0 | C12: [Dev423;Dev558;Dev494;Dev391] | D12: 0.325603 | E12: 1 | F12: 0.350869 | G12: 0.3 | H12: 0.000418,0.744821,0.254759,0.000002,0.000000 | I12: 0.000000,1.000000,0.000000,0.000000,0.000000 | J12: 0.017010,0.837974,0.145007,0.000008,0.000000 | K12: 0.2 | L12: L | M12: L | N12: VH | O12: L | P12: 0.214286 | Q12: 0.952381 | R12: 0.214286 | S12: 5.254824 | T12: 0.012055 | U12: 3.8e-05 | V12: 7.9e-05 | W12: 0.011266 | X12: 0.017758 | Y12: 0.029024 | Z12: 0.05576 | AA12: 0.29362 | AB12: 5.548444 | AC12: 2 | AD12: 1 | AE12: cloud | AF12: 1 | AG12: 1 | AH12: web | AI12: 1 | AJ12: 0 | AL12: 1 | AM12: 1 | AN12: aws lambda | AO12: 3 | AP12: 1 | AQ12: react | AR12: 1 | AS12: 1 | AT12: android | AU12: 2 | AV12: 1 | AW12: python | AX12: 1 | AY12: 1 | AZ12: javascript | BA12: 2 | BB12: 0
A13: P3 | B13: P3-TEAM1 | C13: [Dev104;Dev446;Dev152;Dev465] | D13: 0.106921 | E13: 2 | F13: 0.10468 | G13: 0.1 | H13: 0.976598,0.023402,0.000000,0.000000,0.000000 | I13: 1.000000,0.000000,0.000000,0.000000,0.000000 | J13: 0.965397,0.034603,0.000001,0.000000,0.000000 | K13: 0.1 | L13: VL | M13: VL | N13: VL | O13: VL | P13: 0 | Q13: 0 | R13: 0 | S13: 5.254824 | T13: 0.011096 | U13: 3.8e-05 | V13: 7.6e-05 | W13: 0.014253 | X13: 0.014748 | Y13: 0.029001 | Z13: 0.058177 | AA13: 0.29362 | AB13: 5.548444 | AC13: 2 | AD13: 0 | AF13: 1 | AG13: 1 | AH13: web | AI13: 1 | AJ13: 0 | AL13: 1 | AM13: 0 | AO13: 3 | AP13: 1 | AQ13: react | AR13: 1 | AS13: 1 | AT13: android | AU13: 2 | AV13: 0 | AX13: 1 | AY13: 1 | AZ13: javascript | BA13: 2 | BB13: 1 | BC13: java
A14: P3 | B14: P3-TEAM2 | C14: [Dev362;Dev242;Dev450;Dev161] | D14: 0.106921 | E14: 3 | F14: 0.10468 | G14: 0.1 | H14: 0.976598,0.023402,0.000000,0.000000,0.000000 | I14: 1.000000,0.000000,0.000000,0.000000,0.000000 | J14: 0.965397,0.034603,0.000001,0.000000,0.000000 | K14: 0.1 | L14: VL | M14: VL | N14: VL | O14: VL | P14: 0 | Q14: 0 | R14: 0 | S14: 5.254824 | T14: 0.01101 | U14: 3.3e-05 | V14: 6.8e-05 | W14: 0.009217 | X14: 0.012834 | Y14: 0.022051 | Z14: 0.049744 | AA14: 0.29362 | AB14: 5.548444 | AC14: 2 | AD14: 0 | AF14: 1 | AG14: 1 | AH14: web | AI14: 1 | AJ14: 1 | AK14: desktop | AL14: 1 | AM14: 0 | AO14: 3 | AP14: 1 | AQ14: react | AR14: 1 | AS14: 0 | AU14: 2 | AV14: 1 | AW14: c++ | AX14: 1 | AY14: 1 | AZ14: javascript | BA14: 2 | BB14: 0
A15: P3 | B15: P3-TEAM3 | C15: [Dev362;Dev354;Dev495;Dev458] | D15: 0.106921 | E15: 4 | F15: 0.10468 | G15: 0.1 | H15: 0.976598,0.023402,0.000000,0.000000,0.000000 | I15: 1.000000,0.000000,0.000000,0.000000,0.000000 | J15: 0.965397,0.034603,0.000001,0.000000,0.000000 | K15: 0.1 | L15: VL | M15: VL | N15: VL | O15: VL | P15: 0 | Q15: 0 | R15: 0 | S15: 5.254824 | T15: 0.016319 | U15: 3.2e-05 | V15: 6.8e-05 | W15: 0.015996 | X15: 0.01694 | Y15: 0.032936 | Z15: 0.067517 | AA15: 0.29362 | AB15: 5.548444 | AC15: 2 | AD15: 0 | AF15: 1 | AG15: 1 | AH15: web | AI15: 1 | AJ15: 0 | AL15: 1 | AM15: 0 | AO15: 3 | AP15: 1 | AQ15: react | AR15: 1 | AS15: 0 | AU15: 2 | AV15: 0 | AX15: 1 | AY15: 1 | AZ15: javascript | BA15: 2 | BB15: 1 | BC15: java
A16: P3 | B16: P3-TEAM4 | C16: [Dev439;Dev16;Dev209;Dev463] | D16: 0.106921 | E16: 5 | F16: 0.10468 | G16: 0.1 | H16: 0.976598,0.023402,0.000000,0.000000,0.000000 | I16: 1.000000,0.000000,0.000000,0.000000,0.000000 | J16: 0.965397,0.034603,0.000001,0.000000,0.000000 | K16: 0.1 | L16: VL | M16: VL | N16: VL | O16: VL | P16: 0 | Q16: 0 | R16: 0 | S16: 5.254824 | T16: 0.010633 | U16: 3.4e-05 | V16: 6.7e-05 | W16: 0.015129 | X16: 0.01628 | Y16: 0.03141 | Z16: 0.059257 | AA16: 0.29362 | AB16: 5.548444 | AC16: 2 | AD16: 0 | AF16: 1 | AG16: 1 | AH16: web | AI16: 1 | AJ16: 0 | AL16: 1 | AM16: 0 | AO16: 3 | AP16: 1 | AQ16: react | AR16: 1 | AS16: 0 | AU16: 2 | AV16: 0 | AX16: 1 | AY16: 1 | AZ16: javascript | BA16: 2 | BB16: 0
A17: P4 | B17: P4-TEAM0 | C17: [Dev263;Dev241;Dev303;Dev548] | D17: 0.399933 | E17: 2 | F17: 0.699957 | G17: 0.1 | H17: 0.000000,0.000000,0.022857,0.954499,0.022644 | I17: 1.000000,0.000000,0.000000,0.000000,0.000000 | J17: 0.000549,0.499784,0.499120,0.000546,0.000000 | K17: 0.1 | L17: VL | M17: VH | N17: VL | O17: H | P17: 1 | Q17: 0 | R17: 0.75 | S17: 5.254824 | T17: 0.011737 | U17: 3.9e-05 | V17: 8e-05 | W17: 0.014653 | X17: 0.015413 | Y17: 0.030065 | Z17: 0.062496 | AA17: 0.285042 | AB17: 5.539866 | AC17: 1 | AD17: 1 | AE17: web | AF17: 1 | AG17: 0 | AI17: 1 | AJ17: 1 | AK17: desktop | AL17: 1 | AM17: 0 | AO17: 2 | AP17: 0 | AR17: 1 | AS17: 0 | AU17: 1 | AV17: 1 | AW17: javascript | AX17: 2 | AY17: 0 | BA17: 2 | BB17: 1 | BC17: c#
A18: P4 | B18: P4-TEAM1 | C18: [Dev145;Dev38;Dev225;Dev263] | D18: 0.387124 | E18: 3 | F18: 0.473708 | G18: 0.3 | H18: 0.000000,0.133387,0.864683,0.001929,0.000000 | I18: 0.000000,1.000000,0.000000,0.000000,0.000000 | J18: 0.003004,0.558446,0.438478,0.000072,0.000000 | K18: 0.3 | L18: L | M18: M | N18: VL | O18: M | P18: 0.5 | Q18: 0 | R18: 0.5 | S18: 5.254824 | T18: 0.01039 | U18: 3.4e-05 | V18: 7.1e-05 | W18: 0.016466 | X18: 0.011741 | Y18: 0.028206 | Z18: 0.056359 | AA18: 0.285042 | AB18: 5.539866 | AC18: 1 | AD18: 1 | AE18: web | AF18: 1 | AG18: 0 | AI18: 1 | AJ18: 0 | AL18: 1 | AM18: 0 | AO18: 2 | AP18: 1 | AQ18: react | AR18: 1 | AS18: 0 | AU18: 1 | AV18: 1 | AW18: javascript | AX18: 2 | AY18: 0 | BA18: 2 | BB18: 0
A19: P4 | B19: P4-TEAM2 | C19: [Dev193;Dev194;Dev7;Dev154] | D19: 0.48989 | E19: 1 | F19: 0.489593 | G19: 0.5 | H19: 0.000000,0.059379,0.933277,0.007344,0.000000 | I19: 0.000000,0.000000,1.000000,0.000000,0.000000 | J19: 0.000223,0.074956,0.899971,0.024850,0.000000 | K19: 0.4 | L19: M | M19: VH | N19: VL | O19: L | P19: 0.857143 | Q19: 0 | R19: 0.375001 | S19: 5.254824 | T19: 0.012379 | U19: 3.5e-05 | V19: 7.6e-05 | W19: 0.0157 | X19: 0.010556 | Y19: 0.026256 | Z19: 0.053496 | AA19: 0.285042 | AB19: 5.539866 | AC19: 1 | AD19: 1 | AE19: web | AF19: 1 | AG19: 1 | AH19: cloud | AI19: 1 | AJ19: 0 | AL19: 1 | AM19: 0 | AO19: 2 | AP19: 1 | AQ19: react | AR19: 1 | AS19: 1 | AT19: aws lambda | AU19: 1 | AV19: 1 | AW19: javascript | AX19: 2 | AY19: 1 | AZ19: python | BA19: 2 | BB19: 1 | BC19: java
A20: P4 | B20: P4-TEAM3 | C20: [Dev438;Dev270;Dev104;Dev293] | D20: 0.325413 | E20: 5 | F20: 0.350491 | G20: 0.3 | H20: 0.000427,0.746691,0.252880,0.000002,0.000000 | I20: 0.000000,1.000000,0.000000,0.000000,0.000000 | J20: 0.017060,0.838823,0.144108,0.000008,0.000000 | K20: 0.3 | L20: L | M20: VH | N20: VL | O20: VL | P20: 0.857143 | Q20: 0 | R20: 0 | S20: 5.254824 | T20: 0.012285 | U20: 3.6e-05 | V20: 7.1e-05 | W20: 0.016261 | X20: 0.01576 | Y20: 0.032021 | Z20: 0.0632 | AA20: 0.285042 | AB20: 5.539866 | AC20: 1 | AD20: 1 | AE20: web | AF20: 1 | AG20: 1 | AH20: cloud | AI20: 1 | AJ20: 0 | AL20: 1 | AM20: 0 | AO20: 2 | AP20: 1 | AQ20: angular | AR20: 1 | AS20: 1 | AT20: aws lambda | AU20: 1 | AV20: 0 | AX20: 2 | AY20: 2 | AZ20: python,typescript | BA20: 2 | BB20: 0
A21: P4 | B21: P4-TEAM4 | C21: [Dev198;Dev415;Dev62;Dev559] | D21: 0.387124 | E21: 4 | F21: 0.473708 | G21: 0.3 | H21: 0.000000,0.133387,0.864683,0.001929,0.000000 | I21: 0.000000,1.000000,0.000000,0.000000,0.000000 | J21: 0.003004,0.558446,0.438478,0.000072,0.000000 | K21: 0.3 | L21: L | M21: M | N21: VL | O21: M | P21: 0.5 | Q21: 0 | R21: 0.5 | S21: 5.254824 | T21: 0.011418 | U21: 3.5e-05 | V21: 7.1e-05 | W21: 0.01049 | X21: 0.011188 | Y21: 0.021677 | Z21: 0.046551 | AA21: 0.285042 | AB21: 5.539866 | AC21: 1 | AD21: 1 | AE21: web | AF21: 1 | AG21: 0 | AI21: 1 | AJ21: 0 | AL21: 1 | AM21: 1 | AN21: mongodb | AO21: 2 | AP21: 0 | AR21: 1 | AS21: 0 | AU21: 1 | AV21: 1 | AW21: javascript | AX21: 2 | AY21: 0 | BA21: 2 | BB21: 0
A22: P5 | B22: P5-TEAM0 | C22: [Dev174;Dev265;Dev524;Dev169] | D22: 0.128993 | E22: 5 | F22: 0.150789 | G22: 0.1 | H22: 0.746058,0.253940,0.000002,0.000000,0.000000 | I22: 1.000000,0.000000,0.000000,0.000000,0.000000 | J22: 0.855042,0.144949,0.000008,0.000000,0.000000 | K22: 0.1 | L22: VL | M22: L | N22: VL | O22: VL | P22: 0.25 | Q22: 0.047619 | R22: 0.095238 | S22: 5.254824 | T22: 0.021241 | U22: 3.8e-05 | V22: 7.9e-05 | W22: 0.015531 | X22: 0.01646 | Y22: 0.031991 | Z22: 0.065911 | AA22: 0.326824 | AB22: 5.581648 | AC22: 2 | AD22: 1 | AE22: web | AF22: 1 | AG22: 0 | AI22: 1 | AJ22: 1 | AK22: desktop | AL22: 3 | AM22: 1 | AN22: react | AO22: 1 | AP22: 1 | AQ22: .net | AR22: 1 | AS22: 0 | AU22: 3 | AV22: 1 | AW22: javascript | AX22: 2 | AY22: 2 | AZ22: c#,java | BA22: 2 | BB22: 0
A23: P5 | B23: P5-TEAM1 | C23: [Dev438;Dev558;Dev461;Dev297] | D23: 0.375186 | E23: 1 | F23: 0.449858 | G23: 0.3 | H23: 0.000001,0.251144,0.748419,0.000436,0.000000 | I23: 0.000000,1.000000,0.000000,0.000000,0.000000 | J23: 0.005630,0.612847,0.381489,0.000034,0.000000 | K23: 0.3 | L23: L | M23: H | N23: L | O23: L | P23: 0.642857 | Q23: 0.253968 | R23: 0.238095 | S23: 5.254824 | T23: 0.021376 | U23: 4.3e-05 | V23: 8.4e-05 | W23: 0.016322 | X23: 0.016486 | Y23: 0.032808 | Z23: 0.070332 | AA23: 0.326824 | AB23: 5.581648 | AC23: 2 | AD23: 2 | AE23: cloud,web | AF23: 1 | AG23: 1 | AH23: mobile | AI23: 1 | AJ23: 0 | AL23: 3 | AM23: 2 | AN23: aws lambda,react | AO23: 1 | AP23: 0 | AR23: 1 | AS23: 1 | AT23: android | AU23: 3 | AV23: 2 | AW23: javascript,python | AX23: 2 | AY23: 0 | BA23: 2 | BB23: 1 | BC23: kotlin
A24: P5 | B24: P5-TEAM2 | C24: [Dev324;Dev439;Dev370;Dev250] | D24: 0.225689 | E24: 2 | F24: 0.350739 | G24: 0.1 | H24: 0.000421,0.745465,0.254113,0.000002,0.000000 | I24: 1.000000,0.000000,0.000000,0.000000,0.000000 | J24: 0.377368,0.616817,0.005815,0.000000,0.000000 | K24: 0.1 | L24: VL | M24: M | N24: L | O24: L | P24: 0.428572 | Q24: 0.253968 | R24: 0.253968 | S24: 5.254824 | T24: 0.022502 | U24: 3.8e-05 | V24: 7.6e-05 | W24: 0.015887 | X24: 0.010962 | Y24: 0.026849 | Z24: 0.067753 | AA24: 0.326824 | AB24: 5.581648 | AC24: 2 | AD24: 2 | AE24: cloud,web | AF24: 1 | AG24: 1 | AH24: mobile | AI24: 1 | AJ24: 0 | AL24: 3 | AM24: 2 | AN24: aws lambda,react | AO24: 1 | AP24: 0 | AR24: 1 | AS24: 1 | AT24: android | AU24: 3 | AV24: 2 | AW24: javascript,python | AX24: 2 | AY24: 0 | BA24: 2 | BB24: 2 | BC24: kotlin,swift
A25: P5 | B25: P5-TEAM3 | C25: [Dev331;Dev36;Dev181;Dev494] | D25: 0.164574 | E25: 4 | F25: 0.150789 | G25: 0.3 | H25: 0.746058,0.253940,0.000002,0.000000,0.000000 | I25: 0.000000,1.000000,0.000000,0.000000,0.000000 | J25: 0.683021,0.311090,0.005890,0.000000,0.000000 | K25: 0.2 | L25: L | M25: L | N25: VL | O25: VL | P25: 0.214286 | Q25: 0.111111 | R25: 0.111111 | S25: 5.254824 | T25: 0.019987 | U25: 0.000185 | V25: 8.6e-05 | W25: 0.013042 | X25: 0.011868 | Y25: 0.024909 | Z25: 0.061318 | AA25: 0.326824 | AB25: 5.581648 | AC25: 2 | AD25: 1 | AE25: cloud | AF25: 1 | AG25: 1 | AH25: mobile | AI25: 1 | AJ25: 0 | AL25: 3 | AM25: 1 | AN25: aws lambda | AO25: 1 | AP25: 0 | AR25: 1 | AS25: 1 | AT25: android | AU25: 3 | AV25: 1 | AW25: python | AX25: 2 | AY25: 0 | BA25: 2 | BB25: 2 | BC25: kotlin,swift
A26: P5 | B26: P5-TEAM4 | C26: [Dev479;Dev389;Dev357;Dev316] | D26: 0.195508 | E26: 3 | F26: 0.289675 | G26: 0.1 | H26: 0.059028,0.933567,0.007405,0.000000,0.000000 | I26: 1.000000,0.000000,0.000000,0.000000,0.000000 | J26: 0.522661,0.477140,0.000199,0.000000,0.000000 | K26: 0.1 | L26: VL | M26: L | N26: VL | O26: L | P26: 0.214286 | Q26: 0 | R26: 0.238095 | S26: 5.254824 | T26: 0.019355 | U26: 3.7e-05 | V26: 7.5e-05 | W26: 0.0123 | X26: 0.01009 | Y26: 0.02239 | Z26: 0.058132 | AA26: 0.326824 | AB26: 5.581648 | AC26: 2 | AD26: 1 | AE26: web | AF26: 1 | AG26: 1 | AH26: mobile | AI26: 1 | AJ26: 0 | AL26: 3 | AM26: 0 | AO26: 1 | AP26: 0 | AR26: 1 | AS26: 1 | AT26: android | AU26: 3 | AV26: 2 | AW26: javascript,typescript | AX26: 2 | AY26: 0 | BA26: 2 | BB26: 1 | BC26: kotlin
A27: P6 | B27: P6-TEAM0 | C27: [Dev65;Dev71;Dev63;Dev261] | D27: 0.254395 | E27: 2 | F27: 0.249664 | G27: 0.3 | H27: 0.252112,0.747457,0.000431,0.000000,0.000000 | I27: 0.000000,1.000000,0.000000,0.000000,0.000000 | J27: 0.245577,0.736874,0.017549,0.000000,0.000000 | K27: 0.2 | L27: L | M27: M | N27: VL | O27: VL | P27: 0.428572 | Q27: 0 | R27: 0 | S27: 5.254824 | T27: 0.010076 | U27: 3.9e-05 | V27: 7.7e-05 | W27: 0.014783 | X27: 0.008968 | Y27: 0.02375 | Z27: 0.047542 | AA27: 0.293823 | AB27: 5.548647 | AC27: 2 | AD27: 2 | AE27: embedded,hardware | AF27: 1 | AG27: 1 | AH27: iot | AI27: 1 | AJ27: 1 | AK27: cloud | AL27: 2 | AM27: 2 | AN27: desenvolvimento de placa,pcb | AO27: 1 | AP27: 1 | AQ27: eletrônica (circuitos lógicos e analógicos) | AR27: 3 | AS27: 3 | AT27: analisador lógico),instrumentação (osciloscópio,prototipação | AU27: 1 | AV27: 1 | AW27: c | AX27: 1 | AY27: 1 | AZ27: c++ | BA27: 1 | BB27: 1 | BC27: python
A28: P6 | B28: P6-TEAM1 | C28: [Dev508;Dev193;Dev36;Dev335] | D28: 0.275664 | E28: 1 | F28: 0.249664 | G28: 0.5 | H28: 0.252112,0.747457,0.000431,0.000000,0.000000 | I28: 0.000000,0.000000,1.000000,0.000000,0.000000 | J28: 0.191098,0.739495,0.069397,0.000010,0.000000 | K28: 0.5 | L28: M | M28: M | N28: VL | O28: VL | P28: 0.428572 | Q28: 0 | R28: 0 | S28: 5.254824 | T28: 0.020596 | U28: 3.6e-05 | V28: 7.4e-05 | W28: 0.010941 | X28: 0.010486 | Y28: 0.021427 | Z28: 0.055546 | AA28: 0.293823 | AB28: 5.548647 | AC28: 2 | AD28: 2 | AE28: embedded,hardware | AF28: 1 | AG28: 1 | AH28: iot | AI28: 1 | AJ28: 1 | AK28: cloud | AL28: 2 | AM28: 2 | AN28: desenvolvimento de placa,pcb | AO28: 1 | AP28: 1 | AQ28: eletrônica (circuitos lógicos e analógicos) | AR28: 3 | AS28: 3 | AT28: analisador lógico),instrumentação (osciloscópio,prototipação | AU28: 1 | AV28: 1 | AW28: c | AX28: 1 | AY28: 1 | AZ28: c++ | BA28: 1 | BB28: 1 | BC28: python
A29: P6 | B29: P6-TEAM2 | C29: [Dev242;Dev168;Dev446;Dev93] | D29: 0.254395 | E29: 3 | F29: 0.249664 | G29: 0.3 | H29: 0.252112,0.747457,0.000431,0.000000,0.000000 | I29: 0.000000,1.000000,0.000000,0.000000,0.000000 | J29: 0.245577,0.736874,0.017549,0.000000,0.000000 | K29: 0.2 | L29: L | M29: M | N29: VL | O29: VL | P29: 0.428572 | Q29: 0 | R29: 0 | S29: 5.254824 | T29: 0.019091 | U29: 3.7e-05 | V29: 7.7e-05 | W29: 0.010917 | X29: 0.009746 | Y29: 0.020663 | Z29: 0.056261 | AA29: 0.293823 | AB29: 5.548647 | AC29: 2 | AD29: 2 | AE29: embedded,hardware | AF29: 1 | AG29: 1 | AH29: iot | AI29: 1 | AJ29: 1 | AK29: cloud | AL29: 2 | AM29: 2 | AN29: desenvolvimento de placa,pcb | AO29: 1 | AP29: 1 | AQ29: eletrônica (circuitos lógicos e analógicos) | AR29: 3 | AS29: 3 | AT29: analisador lógico),instrumentação (osciloscópio,prototipação | AU29: 1 | AV29: 1 | AW29: c | AX29: 1 | AY29: 1 | AZ29: c++ | BA29: 1 | BB29: 1 | BC29: python
A30: P6 | B30: P6-TEAM3 | C30: [Dev568;Dev463;Dev7;Dev498] | D30: 0.15454 | E30: 4 | F30: 0.10468 | G30: 0.5 | H30: 0.976598,0.023402,0.000000,0.000000,0.000000 | I30: 0.000000,0.000000,1.000000,0.000000,0.000000 | J30: 0.729460,0.268379,0.002161,0.000000,0.000000 | K30: 0.5 | L30: M | M30: VL | N30: VL | O30: VL | P30: 0 | Q30: 0 | R30: 0 | S30: 5.254824 | T30: 0.021218 | U30: 4.4e-05 | V30: 9e-05 | W30: 0.009895 | X30: 0.012192 | Y30: 0.022087 | Z30: 0.064419 | AA30: 0.293823 | AB30: 5.548647 | AC30: 2 | AD30: 0 | AF30: 1 | AG30: 0 | AI30: 1 | AJ30: 0 | AL30: 2 | AM30: 0 | AO30: 1 | AP30: 0 | AR30: 3 | AS30: 0 | AU30: 1 | AV30: 0 | AX30: 1 | AY30: 0 | BA30: 1 | BB30: 0
A31: P6 | B31: P6-TEAM4 | C31: [Dev67;Dev94;Dev291;Dev450] | D31: 0.122672 | E31: 5 | F31: 0.10468 | G31: 0.3 | H31: 0.976598,0.023402,0.000000,0.000000,0.000000 | I31: 0.000000,1.000000,0.000000,0.000000,0.000000 | J31: 0.887185,0.112272,0.000543,0.000000,0.000000 | K31: 0.2 | L31: L | M31: VL | N31: VL | O31: VL | P31: 0 | Q31: 0 | R31: 0 | S31: 5.254824 | T31: 0.0245 | U31: 3.2e-05 | V31: 6.7e-05 | W31: 0.011147 | X31: 0.009613 | Y31: 0.02076 | Z31: 0.066305 | AA31: 0.293823 | AB31: 5.548647 | AC31: 2 | AD31: 0 | AF31: 1 | AG31: 0 | AI31: 1 | AJ31: 0 | AL31: 2 | AM31: 0 | AO31: 1 | AP31: 0 | AR31: 3 | AS31: 0 | AU31: 1 | AV31: 0 | AX31: 1 | AY31: 0 | BA31: 1 | BB31: 0

Sheet Expert_x_BN
A1: Project ID | B1: Requirements | C1: Team ID | D1: Dev1 | E1: Dev2 | F1: Dev3 | G1: Dev4 | H1: Rank expert | I1: AE BN mean | J1: rank_expert
A2: P1 | B2: =IFERROR(VLOOKUP(A2,Projects!$A$2:$C$7,2,FALSE),"") -> .NET Corporate Portal Maintainance | C2: =IF(A2="","",A2&"-TEAM"&H2) -> P1-TEAM3 | D2: Dev169 | E2: Dev27 | F2: Dev81 | G2: Dev363 | H2: 3 | I2: 0.164574 | J2: 3
B3: =IFERROR( "DOM M["&VLOOKUP($A2,Projects!$A:$L,4,FALSE)&"] S["&VLOOKUP($A2,Projects!$A:$L,5,FALSE)&"] C["&VLOOKUP($A2,Projects!$A:$L,6,FALSE)&"]"&CHAR(10)& "ECO M["&VLOOKUP($A2,Projects!$A:$L,7,FALSE)&"] S["&VLOOKUP($A2,Projects!$A:$L,8,FALSE)&"] C["&VLOOKUP($A2,Projects!$A:$L,9,FALSE)&"]"&CHAR(10)& "LING M["&VLOOKUP($A2,Projects!$A:$L,10,FALSE)&"] S["&VLOOKUP($A2,Projects!$A:$L,11,FALSE)&"] C["&VLOOKUP($A2,Projects!$A:$L,12,FALSE)&"]" ,"") -> DOM M[Desktop, Web] S[Cloud] C[Mobile] ECO M[.NET] S[React] C[MongoDB] LING M[C#] S[JavaScript, TypeScript] C[Python] | C3: =IF(A3="","",A3&"-TEAM"&H3) | D3: Dev71 | E3: Dev518 | F3: Dev509 | G3: Dev439 | H3: 4 | I3: 0.106921 | J3: 4 | K3: Worst
C4: =IF(A4="","",A4&"-TEAM"&H4) | D4: Dev205 | E4: Dev526 | F4: Dev363 | G4: Dev447 | H4: 4 | I4: 0.122672 | J4: 4
C5: =IF(A5="","",A5&"-TEAM"&H5) | D5: Dev33 | E5: Dev303 | F5: Dev270 | G5: Dev93 | H5: 1 | I5: 0.541278 | J5: 1 | K5: Best
C6: =IF(A6="","",A6&"-TEAM"&H6) | D6: Dev316 | E6: Dev389 | F6: Dev526 | G6: Dev308 | H6: 2 | I6: 0.128993 | J6: 2
A8: P2 | B8: =IFERROR(VLOOKUP(A8,Projects!$A$2:$C$7,2,FALSE),"") -> Hybrid Mobile App with Web Panel | C8: =IF(A8="","",A8&"-TEAM"&H8) -> P2-TEAM1 | D8: Dev466 | E8: Dev93 | F8: Dev437 | G8: Dev292 | H8: 1 | I8: 0.275664 | J8: 1 | K8: The expert's best player came in 2nd at RB.
B9: =IFERROR( "DOM M["&VLOOKUP($A8,Projects!$A:$L,4,FALSE)&"] S["&VLOOKUP($A8,Projects!$A:$L,5,FALSE)&"] C["&VLOOKUP($A8,Projects!$A:$L,6,FALSE)&"]"&CHAR(10)& "ECO M["&VLOOKUP($A8,Projects!$A:$L,7,FALSE)&"] S["&VLOOKUP($A8,Projects!$A:$L,8,FALSE)&"] C["&VLOOKUP($A8,Projects!$A:$L,9,FALSE)&"]"&CHAR(10)& "LING M["&VLOOKUP($A8,Projects!$A:$L,10,FALSE)&"] S["&VLOOKUP($A8,Projects!$A:$L,11,FALSE)&"] C["&VLOOKUP($A8,Projects!$A:$L,12,FALSE)&"]" ,"") -> DOM M[Mobile] S[Web] C[Cloud] ECO M[Android, iOS/iPadOS] S[React] C[.NET] LING M[Kotlin, Swift] S[JavaScript, TypeScript] C[Java, C#] | C9: =IF(A9="","",A9&"-TEAM"&H9) | D9: Dev270 | E9: Dev411 | F9: Dev479 | G9: Dev503 | H9: 2 | I9: 0.15454 | J9: 2
C10: =IF(A10="","",A10&"-TEAM"&H10) | D10: Dev115 | E10: Dev119 | F10: Dev399 | G10: Dev193 | H10: 3 | I10: 0.275664 | J10: 3
C11: =IF(A11="","",A11&"-TEAM"&H11) | D11: Dev468 | E11: Dev263 | F11: Dev503 | G11: Dev5 | H11: 4 | I11: 0.275664 | J11: 5 | K11: The worst performer from the expert was tied for 2nd place at RB.
C12: =IF(A12="","",A12&"-TEAM"&H12) | D12: Dev104 | E12: Dev363 | F12: Dev544 | G12: Dev81 | H12: 3 | I12: 0.395012 | J12: 3
A14: P3 | B14: =IFERROR(VLOOKUP(A14,Projects!$A$2:$C$7,2,FALSE),"") -> Cloud IoT Sensor Platform | C14: =IF(A14="","",A14&"-TEAM"&H14) -> P3-TEAM3 | D14: Dev423 | E14: Dev558 | F14: Dev494 | G14: Dev391 | H14: 3 | I14: 0.325603 | J14: 1 | K14: Best
B15: =IFERROR( "DOM M["&VLOOKUP($A14,Projects!$A:$L,4,FALSE)&"] S["&VLOOKUP($A14,Projects!$A:$L,5,FALSE)&"] C["&VLOOKUP($A14,Projects!$A:$L,6,FALSE)&"]"&CHAR(10)& "ECO M["&VLOOKUP($A14,Projects!$A:$L,7,FALSE)&"] S["&VLOOKUP($A14,Projects!$A:$L,8,FALSE)&"] C["&VLOOKUP($A14,Projects!$A:$L,9,FALSE)&"]"&CHAR(10)& "LING M["&VLOOKUP($A14,Projects!$A:$L,10,FALSE)&"] S["&VLOOKUP($A14,Projects!$A:$L,11,FALSE)&"] C["&VLOOKUP($A14,Projects!$A:$L,12,FALSE)&"]" ,"") -> DOM M[IoT, Cloud] S[Web] C[Desktop] ECO M[AWS Lambda] S[React, Angular, MongoDB] C[Android] LING M[Python, C++] S[JavaScript] C[Java, TypeScript] | C15: =IF(A15="","",A15&"-TEAM"&H15) | D15: Dev104 | E15: Dev446 | F15: Dev152 | G15: Dev465 | H15: 5 | I15: 0.106921 | J15: 4 | K15: The worst result was that with 4 teams having very poor coverage, it became a difficult scenario to evaluate because RB assessed all 4 teams with the same score (0.11), meaning there wasn't much diversification.
C16: =IF(A16="","",A16&"-TEAM"&H16) | D16: Dev362 | E16: Dev242 | F16: Dev450 | G16: Dev161 | H16: 4 | I16: 0.106921 | J16: 3
C17: =IF(A17="","",A17&"-TEAM"&H17) | D17: Dev362 | E17: Dev354 | F17: Dev495 | G17: Dev458 | H17: 3 | I17: 0.106921 | J17: 1
C18: =IF(A18="","",A18&"-TEAM"&H18) | D18: Dev439 | E18: Dev16 | F18: Dev209 | G18: Dev463 | H18: 5 | I18: 0.106921 | J18: 4
A20: P4 | B20: =IFERROR(VLOOKUP(A20,Projects!$A$2:$C$7,2,FALSE),"") -> Web Analytic Reports SaaS | C20: =IF(A20="","",A20&"-TEAM"&H20) -> P4-TEAM2 | D20: Dev263 | E20: Dev241 | F20: Dev303 | G20: Dev548 | H20: 2 | I20: 0.399933 | J20: 2
B21: =IFERROR( "DOM M["&VLOOKUP($A20,Projects!$A:$L,4,FALSE)&"] S["&VLOOKUP($A20,Projects!$A:$L,5,FALSE)&"] C["&VLOOKUP($A20,Projects!$A:$L,6,FALSE)&"]"&CHAR(10)& "ECO M["&VLOOKUP($A20,Projects!$A:$L,7,FALSE)&"] S["&VLOOKUP($A20,Projects!$A:$L,8,FALSE)&"] C["&VLOOKUP($A20,Projects!$A:$L,9,FALSE)&"]"&CHAR(10)& "LING M["&VLOOKUP($A20,Projects!$A:$L,10,FALSE)&"] S["&VLOOKUP($A20,Projects!$A:$L,11,FALSE)&"] C["&VLOOKUP($A20,Projects!$A:$L,12,FALSE)&"]" ,"") -> DOM M[Web] S[Cloud] C[Desktop] ECO M[MongoDB] S[Angular, React] C[AWS Lambda] LING M[JavaScript] S[TypeScript, Python] C[Java, C#] | C21: =IF(A21="","",A21&"-TEAM"&H21) | D21: Dev145 | E21: Dev38 | F21: Dev225 | G21: Dev263 | H21: 3 | I21: 0.387124 | J21: 3
C22: =IF(A22="","",A22&"-TEAM"&H22) | D22: Dev193 | E22: Dev194 | F22: Dev7 | G22: Dev154 | H22: 1 | I22: 0.48989 | J22: 1 | K22: Best
C23: =IF(A23="","",A23&"-TEAM"&H23) | D23: Dev438 | E23: Dev270 | F23: Dev104 | G23: Dev293 | H23: 3 | I23: 0.325413 | J23: 3
C24: =IF(A24="","",A24&"-TEAM"&H24) | D24: Dev198 | E24: Dev415 | F24: Dev62 | G24: Dev559 | H24: 4 | I24: 0.387124 | J24: 5 | K24: It wasn't the worst, but it was the second worst team in RB.
A26: P5 | B26: =IFERROR(VLOOKUP(A26,Projects!$A$2:$C$7,2,FALSE),"") -> Critical Web + Cloud Platform | C26: =IF(A26="","",A26&"-TEAM"&H26) -> P5-TEAM5 | D26: Dev174 | E26: Dev265 | F26: Dev524 | G26: Dev169 | H26: 5 | I26: 0.128993 | J26: 5 | K26: Worst
B27: DOM M[Web, Cloud] S[Mobile] C[Desktop] ECO M[React, AWS Lambda, MongoDB] S[.NET] C[Android] LING M[JavaScript, TypeScript, Python] S[C#, Java] C[Kotlin, Swift] | C27: =IF(A27="","",A27&"-TEAM"&H27) | D27: Dev438 | E27: Dev558 | F27: Dev461 | G27: Dev297 | H27: 2 | I27: 0.375186 | J27: 1 | K27: Best
C28: =IF(A28="","",A28&"-TEAM"&H28) | D28: Dev324 | E28: Dev439 | F28: Dev370 | G28: Dev250 | H28: 3 | I28: 0.225689 | J28: 3
C29: =IF(A29="","",A29&"-TEAM"&H29) | D29: Dev331 | E29: Dev36 | F29: Dev181 | G29: Dev494 | H29: 2 | I29: 0.164574 | J29: 1
C30: =IF(A30="","",A30&"-TEAM"&H30) | D30: Dev479 | E30: Dev389 | F30: Dev357 | G30: Dev316 | H30: 4 | I30: 0.195508 | J30: 4
A32: P6 | B32: =IFERROR(VLOOKUP(A32,Projects!$A$2:$C$8,2,FALSE),"") -> Critical Embedded Hardware Platform | C32: =IF(A32="","",A32&"-TEAM"&H32) -> P6-TEAM2 | D32: Dev65 | E32: Dev71 | F32: Dev63 | G32: Dev261 | H32: 2 | I32: 0.254395 | J32: 2
B33: "DOM M[Hardware, Embedded] S[IoT] C[Cloud] ECO M[PCB, Board Development] S[Electronics (logic and analog circuits)] C[Instrumentation (oscilloscope, logic analyzer), Prototyping] LING M[C] S[C++] C[Python]" | C33: =IF(A33="","",A33&"-TEAM"&H33) | D33: Dev508 | E33: Dev193 | F33: Dev36 | G33: Dev335 | H33: 1 | I33: 0.275664 | J33: 1 | K33: Best
C34: =IF(A34="","",A34&"-TEAM"&H34) | D34: Dev242 | E34: Dev168 | F34: Dev446 | G34: Dev93 | H34: 2 | I34: 0.254395 | J34: 2
C35: =IF(A35="","",A35&"-TEAM"&H35) | D35: Dev568 | E35: Dev463 | F35: Dev7 | G35: Dev498 | H35: 5 | I35: 0.15454 | J35: 4 | K35: The expert defined two teams as equally being the worst; RB agreed that these two teams are the worst, but one is slightly better than the other (a difference of only 0.03).
C36: =IF(A36="","",A36&"-TEAM"&H36) | D36: Dev67 | E36: Dev94 | F36: Dev291 | G36: Dev450 | H36: 5 | I36: 0.122672 | J36: 4
